id,kind,file,section,line_no,line_text
ID:BRIEF,DEF,Brief.md,ID:BRIEF:001,3,## ID:BRIEF:001
BRIEF:002,DEF,Brief.md,ID: BRIEF:002,25,## ID: BRIEF:002
BRIEF:003,DEF,Brief.md,ID: BRIEF:003,42,## ID: BRIEF:003
BRIEF:004,DEF,Brief.md,ID: BRIEF:004,58,## ID: BRIEF:004
BRIEF:005,DEF,Brief.md,ID: BRIEF:005,113,## ID: BRIEF:005
BRIEF:006,DEF,Brief.md,ID: BRIEF:006,166,## ID: BRIEF:006
BRIEF:007,DEF,Brief.md,ID: BRIEF:007,178,## ID: BRIEF:007
BRIEF:008,DEF,Brief.md,ID: BRIEF:008,217,## ID: BRIEF:008
BRIEF:009,DEF,Brief.md,ID: BRIEF:009,234,## ID: BRIEF:009
BRIEF:010,DEF,Brief.md,ID: BRIEF:010,268,## ID: BRIEF:010
BRIEF:011,DEF,Brief.md,ID: BRIEF:011,278,## ID: BRIEF:011
CANON:AUDIENCE-SCOPE,DEF,Career Canon.md,CANON:AUDIENCE-SCOPE,17,> ## CANON:AUDIENCE-SCOPE
CANON:ARCHIVO-VANTAGE,REF,Career Canon.md,CANON:AUDIENCE-SCOPE,20,"> - Alcance: Este documento es el CAREER_CANON_RUNTIME, que contiene la fuente de verdad profesional activa: perfil, skills, experiencias canónicas (C01–C05), KPIs validados, facts canónicos y Output "
CANON:PROFILE-001,DEF,Career Canon.md,CANON:PROFILE-001 — A. PROFESSIONAL PROFILE,21,## CANON:PROFILE-001 — A. PROFESSIONAL PROFILE
CANON:SKILLS-001,DEF,Career Canon.md,CANON:SKILLS-001 — B. SKILLS CANON,27,## CANON:SKILLS-001 — B. SKILLS CANON
CANON:EXPERIENCE-001,DEF,Career Canon.md,CANON:EXPERIENCE-001 — D. EXPERIENCE RECORDS,36,## CANON:EXPERIENCE-001 — D. EXPERIENCE RECORDS
CANON:EXPERIENCE-C01,DEF,Career Canon.md,C01 • L'Oréal Luxe México • Feb 2025 – Mar 2026,38,CANON:EXPERIENCE-C01
CANON:EXPERIENCE-C02,DEF,Career Canon.md,C02 • Bisonte Experiential Marketing • 2022 – 2023,54,CANON:EXPERIENCE-C02
CANON:EXPERIENCE-C03,DEF,Career Canon.md,C03 • Levi Strauss & Co. (Dockers) • 2018 – 2021,66,CANON:EXPERIENCE-C03
CANON:EXPERIENCE-C04,DEF,Career Canon.md,C04 • Aéropostale México • 2017 – 2018,80,CANON:EXPERIENCE-C04
CANON:EXPERIENCE-C05,DEF,Career Canon.md,C05 • El Palacio de Hierro (ALDO Group) • 2012 – 2017,92,CANON:EXPERIENCE-C05
CANON:ACHIEVEMENTS-001,DEF,Career Canon.md,CANON:ACHIEVEMENTS-001 — H. ACHIEVEMENT LIBRARY,105,## CANON:ACHIEVEMENTS-001 — H. ACHIEVEMENT LIBRARY
CANON:KPIS-001,DEF,Career Canon.md,CANON:KPIS-001 — I. CORE KPIs,121,## CANON:KPIS-001 — I. CORE KPIs
CANON:KPI-001,DEF,Career Canon.md,KPI01 · Traffic +43%,123,CANON:KPI-001
CANON:KPI-002,DEF,Career Canon.md,KPI02 · Conversion +18%,125,CANON:KPI-002
CANON:KPI-003,DEF,Career Canon.md,KPI03 · Campaign Cost Reduction -74%,127,CANON:KPI-003
CANON:KPI-004,DEF,Career Canon.md,KPI04 · Floorset Time Reduction -33%,129,CANON:KPI-004
CANON:KPI-005,DEF,Career Canon.md,KPI05 · POP Coverage 100%,131,CANON:KPI-005
CANON:KPI-006,DEF,Career Canon.md,KPI06 · Rebranding Coverage 100%,133,CANON:KPI-006
CANON:KPI-007,DEF,Career Canon.md,KPI07 · Adidas Punch List Count (17),135,CANON:KPI-007
CANON:KPI-008,DEF,Career Canon.md,KPI08 · Years Experience (10+ Canonical),137,CANON:KPI-008
CANON:FACTS-001,DEF,Career Canon.md,CANON:FACTS-001 — J. CANONICAL FACTS,139,## CANON:FACTS-001 — J. CANONICAL FACTS
CANON:FACT-001,DEF,Career Canon.md,CF01,141,CANON:FACT-001
CANON:FACT-002,DEF,Career Canon.md,CF02,144,CANON:FACT-002
CANON:FACT-003,DEF,Career Canon.md,CF03,147,CANON:FACT-003
CANON:FACT-004,DEF,Career Canon.md,CF04,150,CANON:FACT-004
CANON:FACT-005,DEF,Career Canon.md,CF05,153,CANON:FACT-005
CANON:FACT-006,DEF,Career Canon.md,CF06,156,CANON:FACT-006
CANON:FACT-007,DEF,Career Canon.md,CF07,159,CANON:FACT-007
CANON:FACT-008,DEF,Career Canon.md,CF08,162,CANON:FACT-008
CANON:UF-001,DEF,Career Canon.md,UF01,165,CANON:UF-001
CANON:UF-002,DEF,Career Canon.md,UF02,168,CANON:UF-002
CANON:UF-003,DEF,Career Canon.md,UF03,171,CANON:UF-003
CANON:POSITIONING-001,DEF,Career Canon.md,CANON:POSITIONING-001 — K. POSITIONING MODES,174,## CANON:POSITIONING-001 — K. POSITIONING MODES
CANON:POSITIONING-N1,DEF,Career Canon.md,N1 · Luxury Brand Execution,176,CANON:POSITIONING-N1
CANON:POSITIONING-N2,DEF,Career Canon.md,N2 · Store Design & Flagship Execution,179,CANON:POSITIONING-N2
CANON:POSITIONING-N3,DEF,Career Canon.md,N3 · Regional Brand Execution & Rollout,182,CANON:POSITIONING-N3
CANON:POSITIONING-N4,DEF,Career Canon.md,N4 · Commercial VM & Field Leadership,185,CANON:POSITIONING-N4
CANON:OUTPUT-CONTRACT-001,DEF,Career Canon.md,CANON:OUTPUT-CONTRACT-001 — L. OUTPUT CONTRACT,194,## CANON:OUTPUT-CONTRACT-001 — L. OUTPUT CONTRACT
CANON:OUTPUT-CONTRACT,REF,Career Canon.md,CANON:OUTPUT-CONTRACT-001 — L. OUTPUT CONTRACT,198,§N CANON:OUTPUT-CONTRACT
CANON:OUTPUT-CONTRACT-SKELETON-001,DEF,Career Canon.md,GOLDEN SKELETON (REFERENCE),209,CANON:OUTPUT-CONTRACT-SKELETON-001
CANON:FIGMA-TAG-SCHEMA,DEF,Career Canon.md,Figma Tag Schema · ID: CANON:FIGMA-TAG-SCHEMA,235,### Figma Tag Schema · ID: CANON:FIGMA-TAG-SCHEMA
CANON:TAG-REGISTRY,DEF,Career Canon.md,Tag Registry · ID: CANON:TAG-REGISTRY,238,## Tag Registry · ID: CANON:TAG-REGISTRY
CANON:TAG-REGISTRY,REF,Career Canon.md,Tag Registry · ID: CANON:TAG-REGISTRY,242,§CANON:TAG-REGISTRY
CANON:OUTPUT-CONTRACT-TAGREGISTRY-001,REF,Career Canon.md,Tag Registry · ID: CANON:TAG-REGISTRY,244,CANON:OUTPUT-CONTRACT-TAGREGISTRY-001
CANON:POSITIONING-MODE,DEF,Career Canon.md,Activación por Positioning Mode · ID: CANON:POSITIONING-MODE,257,### Activación por Positioning Mode · ID: CANON:POSITIONING-MODE
KERNEL:ARCHITECTURE-L4,REF,Change Log.md,v9.7.8 — Centralización de Skills VANTAGE en MCP Server / Single Source of Truth (/skills/) · 2026-07-23,6,"Alcance: KERNEL (KERNEL:ARCHITECTURE-L4, §4) + MANUAL (§8.1, bloque vgit)."
KERNEL:ARCHITECTURE-L4,REF,Change Log.md,v9.7.8 — Centralización de Skills VANTAGE en MCP Server / Single Source of Truth (/skills/) · 2026-07-23,9,"- KERNEL:ARCHITECTURE-L4 (§4): agregado párrafo ""Skills Distribution — Single Source of Truth"" documentando /skills/, GitHub Pages en main, extensión de git_sync.py, y los dos consumidores (Claude Des"
KERNEL:ARCHITECTURE-L4,REF,Change Log.md,v9.7.8 — Centralización de Skills VANTAGE en MCP Server / Single Source of Truth (/skills/) · 2026-07-23,17,"IDs afectados: ninguna alta/baja de ID canónico — adiciones de contenido bajo KERNEL:ARCHITECTURE-L4, ID ya existente, y bajo sección §8.1 del Manual sin ID propio nuevo. Census no requiere regeneraci"
KERNEL:DOCUMENTATION-005,REF,Change Log.md,v9.7.8 — Centralización de Skills VANTAGE en MCP Server / Single Source of Truth (/skills/) · 2026-07-23,18,Pendiente (fuera de esta entrada): decidir si git_[sync.py](http://sync.py) extendido a /skills/ amerita mención en KERNEL:DOCUMENTATION-005 (Convención de Anuncio de Skills) — no evaluado en esta ses
SP:ID-CONNECTORS-001,REF,Change Log.md,v9.7.8 — Centralización de Skills VANTAGE en MCP Server / Single Source of Truth (/skills/) · 2026-07-23,21,"- [POST-CIERRE — SESSION-20260723-A] Census post-cierre detectó mismatch de sufijo SP:ID-CONNECTORS-001 (CENSUS_SPEC, línea 141 de generate_census.py) vs. SP:ID-CONNECTORS (ID real en SYSTEM PROMPT) —"
SP:ID-CONNECTORS,REF,Change Log.md,v9.7.8 — Centralización de Skills VANTAGE en MCP Server / Single Source of Truth (/skills/) · 2026-07-23,21,"- [POST-CIERRE — SESSION-20260723-A] Census post-cierre detectó mismatch de sufijo SP:ID-CONNECTORS-001 (CENSUS_SPEC, línea 141 de generate_census.py) vs. SP:ID-CONNECTORS (ID real en SYSTEM PROMPT) —"
SP:SYNC-RULE,REF,Change Log.md,v9.7.8 — Centralización de Skills VANTAGE en MCP Server / Single Source of Truth (/skills/) · 2026-07-23,25,"Versión: sin cambio — esta entrada se documenta como viñeta adicional bajo v9.7.8 por instrucción explícita del operador (""no version update""). Los 4 documentos parcheados no forman parte de la Regla "
KERNEL:SCHEMA-008,REF,Change Log.md,v9.7.6 — Normalización de Links y Referencias en Filesystem · 2026-07-22,43,Contexto: Corrección de links rotos y referencias obsoletas identificados en el handoff de sesión SESSION-20260722-H. Los links apuntaban a URLs incorrectas (notion.so en lugar de notion.com) o a IDs 
KERNEL:DOCUMENTATION-009,REF,Change Log.md,v9.7.6 — Normalización de Links y Referencias en Filesystem · 2026-07-22,43,Contexto: Corrección de links rotos y referencias obsoletas identificados en el handoff de sesión SESSION-20260722-H. Los links apuntaban a URLs incorrectas (notion.so en lugar de notion.com) o a IDs 
KERNEL:SCHEMA-008,REF,Change Log.md,v9.7.6 — Normalización de Links y Referencias en Filesystem · 2026-07-22,46,- Actualización de KERNEL:SCHEMA-008 → KERNEL:DOCUMENTATION-009 en todos los archivos.
KERNEL:DOCUMENTATION-009,REF,Change Log.md,v9.7.6 — Normalización de Links y Referencias en Filesystem · 2026-07-22,46,- Actualización de KERNEL:SCHEMA-008 → KERNEL:DOCUMENTATION-009 en todos los archivos.
KERNEL:FAIL-PHILOSOPHY,REF,Change Log.md,v9.7.6 — Normalización de Links y Referencias en Filesystem · 2026-07-22,47,- Búsqueda exhaustiva de KERNEL:FAIL-PHILOSOPHY (sin coincidencias en archivos locales; pendiente verificación en Notion).
KERNEL:SCHEMA-008,REF,Change Log.md,v9.7.6 — Normalización de Links y Referencias en Filesystem · 2026-07-22,48,"- Resolución parcial de ticket de huérfanos: KERNEL:SCHEMA-008 confirmado como no existente (eliminación de referencias pendiente), BRIEF:001/BRIEF:011/SP:SYNC-RULE verificados como existentes con con"
BRIEF:001,REF,Change Log.md,v9.7.6 — Normalización de Links y Referencias en Filesystem · 2026-07-22,48,"- Resolución parcial de ticket de huérfanos: KERNEL:SCHEMA-008 confirmado como no existente (eliminación de referencias pendiente), BRIEF:001/BRIEF:011/SP:SYNC-RULE verificados como existentes con con"
BRIEF:011,REF,Change Log.md,v9.7.6 — Normalización de Links y Referencias en Filesystem · 2026-07-22,48,"- Resolución parcial de ticket de huérfanos: KERNEL:SCHEMA-008 confirmado como no existente (eliminación de referencias pendiente), BRIEF:001/BRIEF:011/SP:SYNC-RULE verificados como existentes con con"
SP:SYNC-RULE,REF,Change Log.md,v9.7.6 — Normalización de Links y Referencias en Filesystem · 2026-07-22,48,"- Resolución parcial de ticket de huérfanos: KERNEL:SCHEMA-008 confirmado como no existente (eliminación de referencias pendiente), BRIEF:001/BRIEF:011/SP:SYNC-RULE verificados como existentes con con"
KERNEL:TRACKER-SCHEMA-001,REF,Change Log.md,v9.7.6 — Normalización de Links y Referencias en Filesystem · 2026-07-22,49,- [FIX] vantage-tidy-bug-task-tracker/SKILL.md: corregido el par Bug Tracker de DB ID 36e938be-fc42-81f8-8c6f-000b6769ba03 / COL ID 36e938be-fc42-81bd-9e1f-dc360b3b45f5 (invertido) a DB ID 36e938be-fc
KERNEL:SCHEMA-008,REF,Change Log.md,v9.7.6 — Normalización de Links y Referencias en Filesystem · 2026-07-22,50,Write-Back Verification: Validación post-ejecución con grep -r — sin instancias remanentes de notion.so o KERNEL:SCHEMA-008.
KERNEL:FAIL-PHILOSOPHY,REF,Change Log.md,v9.7.6 — Normalización de Links y Referencias en Filesystem · 2026-07-22,52,Pendiente (fuera de esta entrada): Verificar KERNEL:FAIL-PHILOSOPHY en Notion (no encontrado en archivos locales).
SP:SYNC-RULE,REF,Change Log.md,v9.7.5 — Excepción de Versión para Memoria de Sesión de Claude en SP:SYNC-RULE · 2026-07-22,54,### v9.7.5 — Excepción de Versión para Memoria de Sesión de Claude en SP:SYNC-RULE · 2026-07-22
SP:SYNC-RULE,REF,Change Log.md,v9.7.5 — Excepción de Versión para Memoria de Sesión de Claude en SP:SYNC-RULE · 2026-07-22,56,Alcance: SYSTEM PROMPT (SP:SYNC-RULE).
SP:SYNC-RULE,REF,Change Log.md,v9.7.5 — Excepción de Versión para Memoria de Sesión de Claude en SP:SYNC-RULE · 2026-07-22,57,"Contexto: El operador señaló un patrón recurrente: al abrir sesión, Claude comparaba la cifra de versión traída en su memoria persistente (entre sesiones) contra la versión live recuperada de Notion, "
SP:SYNC-RULE,REF,Change Log.md,v9.7.5 — Excepción de Versión para Memoria de Sesión de Claude en SP:SYNC-RULE · 2026-07-22,59,"- SP:SYNC-RULE: agregado párrafo de excepción inmediatamente después de la Regla de Versión Única, acotando su alcance exclusivamente a discrepancias entre los nueve fundacionales entre sí. Aclara que"
SP:SYNC-RULE,REF,Change Log.md,v9.7.5 — Excepción de Versión para Memoria de Sesión de Claude en SP:SYNC-RULE · 2026-07-22,59,"- SP:SYNC-RULE: agregado párrafo de excepción inmediatamente después de la Regla de Versión Única, acotando su alcance exclusivamente a discrepancias entre los nueve fundacionales entre sí. Aclara que"
SP:CONSISTENCY,REF,Change Log.md,v9.7.5 — Excepción de Versión para Memoria de Sesión de Claude en SP:SYNC-RULE · 2026-07-22,59,"- SP:SYNC-RULE: agregado párrafo de excepción inmediatamente después de la Regla de Versión Única, acotando su alcance exclusivamente a discrepancias entre los nueve fundacionales entre sí. Aclara que"
KERNEL:GATE-DECISION-009,REF,Change Log.md,v9.7.5 — Excepción de Versión para Memoria de Sesión de Claude en SP:SYNC-RULE · 2026-07-22,65,- [DOC] KERNEL:GATE-DECISION-009 — Nueva sección §9.9 en KERNEL (Escalamiento de Pendientes a Tickets). Define 3 niveles de escalamiento (Nivel 1: Handoff/Ledger; Nivel 2: Sugerencia con confirmación;
SP:CONSISTENCY,REF,Change Log.md,v9.7.5 — Excepción de Versión para Memoria de Sesión de Claude en SP:SYNC-RULE · 2026-07-22,65,- [DOC] KERNEL:GATE-DECISION-009 — Nueva sección §9.9 en KERNEL (Escalamiento de Pendientes a Tickets). Define 3 niveles de escalamiento (Nivel 1: Handoff/Ledger; Nivel 2: Sugerencia con confirmación;
MANUAL:PATCH-QUALITY-001,REF,Change Log.md,v9.7.5 — Excepción de Versión para Memoria de Sesión de Claude en SP:SYNC-RULE · 2026-07-22,66,"- [INFRA] Split del skill local vantage-documentacion-transversal en dos entidades independientes: vantage-documentacion-transversal-propuesta (Fase 1 — mapeo de nodos, solo lectura) y vantage-documen"
KERNEL:GATE-DECISION-009,REF,Change Log.md,v9.7.5 — Excepción de Versión para Memoria de Sesión de Claude en SP:SYNC-RULE · 2026-07-22,67,"- [DOC] Referencia cruzada bidireccional entre KERNEL:GATE-DECISION-009 (§9.9) y MANUAL:SESSION-CYCLE-001 (§6). Contexto: handoff de sesión SESSION-20260722-F identificó que un ticket citado (""GATE-DE"
MANUAL:SESSION-CYCLE-001,REF,Change Log.md,v9.7.5 — Excepción de Versión para Memoria de Sesión de Claude en SP:SYNC-RULE · 2026-07-22,67,"- [DOC] Referencia cruzada bidireccional entre KERNEL:GATE-DECISION-009 (§9.9) y MANUAL:SESSION-CYCLE-001 (§6). Contexto: handoff de sesión SESSION-20260722-F identificó que un ticket citado (""GATE-DE"
KERNEL:GATE-DECISION-009,REF,Change Log.md,v9.7.5 — Excepción de Versión para Memoria de Sesión de Claude en SP:SYNC-RULE · 2026-07-22,67,"- [DOC] Referencia cruzada bidireccional entre KERNEL:GATE-DECISION-009 (§9.9) y MANUAL:SESSION-CYCLE-001 (§6). Contexto: handoff de sesión SESSION-20260722-F identificó que un ticket citado (""GATE-DE"
MANUAL:SESSION-CYCLE-001,REF,Change Log.md,v9.7.5 — Excepción de Versión para Memoria de Sesión de Claude en SP:SYNC-RULE · 2026-07-22,67,"- [DOC] Referencia cruzada bidireccional entre KERNEL:GATE-DECISION-009 (§9.9) y MANUAL:SESSION-CYCLE-001 (§6). Contexto: handoff de sesión SESSION-20260722-F identificó que un ticket citado (""GATE-DE"
SP:SYNC-RULE,REF,Change Log.md,v9.7.5 — Excepción de Versión para Memoria de Sesión de Claude en SP:SYNC-RULE · 2026-07-22,69,"IDs afectados: ninguna alta/baja de ID canónico — adición de contenido bajo SP:SYNC-RULE, ID ya existente. Census no requiere regeneración."
KERNEL:GATE-DECISION-009,REF,Change Log.md,v9.7.5 — Excepción de Versión para Memoria de Sesión de Claude en SP:SYNC-RULE · 2026-07-22,71,- [SESSION-20260722-H] Creados 3 tickets vía escalamiento KERNEL:GATE-DECISION-009 a partir del Handoff consolidado (SESSION-D+E): (1) Bug ALTO — sesiones huérfanas recurrentes sin cierre en Session L
KERNEL:GATE-DECISION-009,REF,Change Log.md,v9.7.5 — Excepción de Versión para Memoria de Sesión de Claude en SP:SYNC-RULE · 2026-07-22,71,- [SESSION-20260722-H] Creados 3 tickets vía escalamiento KERNEL:GATE-DECISION-009 a partir del Handoff consolidado (SESSION-D+E): (1) Bug ALTO — sesiones huérfanas recurrentes sin cierre en Session L
KERNEL:FAIL-PHILOSOPHY,REF,Change Log.md,v9.7.4 — Aplicación de Hipervínculos en ACTIVE (51) + Fix de Permisos Read-Only Bloqueante · 2026-07-22,85,Pendiente (fuera de esta entrada): decidir si apply_hyperlinks.py debe automatizar chmod +w/chmod 444 en su propio flujo (candidato a ticket Bug/Task Tracker); reparar los 2 destinos de link rotos pre
KERNEL:SESSION-LEDGER,REF,Change Log.md,v9.7.4 — Aplicación de Hipervínculos en ACTIVE (51) + Fix de Permisos Read-Only Bloqueante · 2026-07-22,85,Pendiente (fuera de esta entrada): decidir si apply_hyperlinks.py debe automatizar chmod +w/chmod 444 en su propio flujo (candidato a ticket Bug/Task Tracker); reparar los 2 destinos de link rotos pre
SP:SYNC-RULE,REF,Change Log.md,v9.7.4 — Aplicación de Hipervínculos en ACTIVE (51) + Fix de Permisos Read-Only Bloqueante · 2026-07-22,85,Pendiente (fuera de esta entrada): decidir si apply_hyperlinks.py debe automatizar chmod +w/chmod 444 en su propio flujo (candidato a ticket Bug/Task Tracker); reparar los 2 destinos de link rotos pre
BRIEF:001,REF,Change Log.md,v9.7.4 — Aplicación de Hipervínculos en ACTIVE (51) + Fix de Permisos Read-Only Bloqueante · 2026-07-22,85,Pendiente (fuera de esta entrada): decidir si apply_hyperlinks.py debe automatizar chmod +w/chmod 444 en su propio flujo (candidato a ticket Bug/Task Tracker); reparar los 2 destinos de link rotos pre
BRIEF:011,REF,Change Log.md,v9.7.4 — Aplicación de Hipervínculos en ACTIVE (51) + Fix de Permisos Read-Only Bloqueante · 2026-07-22,85,Pendiente (fuera de esta entrada): decidir si apply_hyperlinks.py debe automatizar chmod +w/chmod 444 en su propio flujo (candidato a ticket Bug/Task Tracker); reparar los 2 destinos de link rotos pre
KERNEL:SCHEMA-008,REF,Change Log.md,v9.7.4 — Aplicación de Hipervínculos en ACTIVE (51) + Fix de Permisos Read-Only Bloqueante · 2026-07-22,85,Pendiente (fuera de esta entrada): decidir si apply_hyperlinks.py debe automatizar chmod +w/chmod 444 en su propio flujo (candidato a ticket Bug/Task Tracker); reparar los 2 destinos de link rotos pre
SP:SYNC-RULE,REF,Change Log.md,v9.7.4 — Aplicación de Hipervínculos en ACTIVE (51) + Fix de Permisos Read-Only Bloqueante · 2026-07-22,85,Pendiente (fuera de esta entrada): decidir si apply_hyperlinks.py debe automatizar chmod +w/chmod 444 en su propio flujo (candidato a ticket Bug/Task Tracker); reparar los 2 destinos de link rotos pre
SP:BOOTSTRAP-001,REF,Change Log.md,v9.7.3 — Corrección de Cierre de Bootstrap Desalineado en SP:BOOTSTRAP-001 (VANTAGE: SISTEMA SINCRONIZADO → BOOTLOADED: DOCUMENTOS CARGADOS) · 2026-07-22,88,### v9.7.3 — Corrección de Cierre de Bootstrap Desalineado en SP:BOOTSTRAP-001 (VANTAGE: SISTEMA SINCRONIZADO → BOOTLOADED: DOCUMENTOS CARGADOS) · 2026-07-22
SP:BOOTSTRAP-001,REF,Change Log.md,v9.7.3 — Corrección de Cierre de Bootstrap Desalineado en SP:BOOTSTRAP-001 (VANTAGE: SISTEMA SINCRONIZADO → BOOTLOADED: DOCUMENTOS CARGADOS) · 2026-07-22,90,Alcance: SYSTEM PROMPT (SP:BOOTSTRAP-001).
KERNEL:DOCUMENTATION-004,REF,Change Log.md,v9.7.3 — Corrección de Cierre de Bootstrap Desalineado en SP:BOOTSTRAP-001 (VANTAGE: SISTEMA SINCRONIZADO → BOOTLOADED: DOCUMENTOS CARGADOS) · 2026-07-22,91,Contexto: Auditoría en sesión (a solicitud del operador) sobre si el Kernel documenta el Bootloader activo en Project Instructions (UI). Confirmado que KERNEL:DOCUMENTATION-004 (§3.4) sí documenta cor
SP:BOOTSTRAP-001,REF,Change Log.md,v9.7.3 — Corrección de Cierre de Bootstrap Desalineado en SP:BOOTSTRAP-001 (VANTAGE: SISTEMA SINCRONIZADO → BOOTLOADED: DOCUMENTOS CARGADOS) · 2026-07-22,91,Contexto: Auditoría en sesión (a solicitud del operador) sobre si el Kernel documenta el Bootloader activo en Project Instructions (UI). Confirmado que KERNEL:DOCUMENTATION-004 (§3.4) sí documenta cor
SP:BOOTSTRAP-001,REF,Change Log.md,v9.7.3 — Corrección de Cierre de Bootstrap Desalineado en SP:BOOTSTRAP-001 (VANTAGE: SISTEMA SINCRONIZADO → BOOTLOADED: DOCUMENTOS CARGADOS) · 2026-07-22,93,"- SP:BOOTSTRAP-001: frase de cierre del paso 5 corregida de VANTAGE: SISTEMA SINCRONIZADO a BOOTLOADED: DOCUMENTOS CARGADOS, alineada con KERNEL:DOCUMENTATION-004 (§3.4) y con el copy real activo en P"
KERNEL:DOCUMENTATION-004,REF,Change Log.md,v9.7.3 — Corrección de Cierre de Bootstrap Desalineado en SP:BOOTSTRAP-001 (VANTAGE: SISTEMA SINCRONIZADO → BOOTLOADED: DOCUMENTOS CARGADOS) · 2026-07-22,93,"- SP:BOOTSTRAP-001: frase de cierre del paso 5 corregida de VANTAGE: SISTEMA SINCRONIZADO a BOOTLOADED: DOCUMENTOS CARGADOS, alineada con KERNEL:DOCUMENTATION-004 (§3.4) y con el copy real activo en P"
SP:BOOTSTRAP-001,REF,Change Log.md,v9.7.3 — Corrección de Cierre de Bootstrap Desalineado en SP:BOOTSTRAP-001 (VANTAGE: SISTEMA SINCRONIZADO → BOOTLOADED: DOCUMENTOS CARGADOS) · 2026-07-22,95,"IDs afectados: ninguna alta/baja de ID canónico — reescritura de contenido bajo SP:BOOTSTRAP-001, ID ya existente. Census no requiere regeneración."
SP:BOOTSTRAP-001,REF,Change Log.md,v9.7.3 — Corrección de Cierre de Bootstrap Desalineado en SP:BOOTSTRAP-001 (VANTAGE: SISTEMA SINCRONIZADO → BOOTLOADED: DOCUMENTOS CARGADOS) · 2026-07-22,96,"Pendiente (fuera de esta entrada): el bloque final de SP:BOOTSTRAP-001 sigue citando verify_versions.py --check, flag ya eliminado del Kernel desde v9.6.2 — mismo defecto ya logueado como ticket ALTO "
KERNEL:SCHEMA-004,REF,Change Log.md,v9.7.2 — Cierre de Huecos L0: Referencia Cruzada SCHEMA-004/005 → §3.3 + Alta de Dedup_Flag en Class B (SCHEMA-001) · 2026-07-22,101,"Alcance: Kernel §7 (KERNEL:SCHEMA-004, KERNEL:SCHEMA-005, KERNEL:SCHEMA-001)."
KERNEL:SCHEMA-005,REF,Change Log.md,v9.7.2 — Cierre de Huecos L0: Referencia Cruzada SCHEMA-004/005 → §3.3 + Alta de Dedup_Flag en Class B (SCHEMA-001) · 2026-07-22,101,"Alcance: Kernel §7 (KERNEL:SCHEMA-004, KERNEL:SCHEMA-005, KERNEL:SCHEMA-001)."
KERNEL:SCHEMA-001,REF,Change Log.md,v9.7.2 — Cierre de Huecos L0: Referencia Cruzada SCHEMA-004/005 → §3.3 + Alta de Dedup_Flag en Class B (SCHEMA-001) · 2026-07-22,101,"Alcance: Kernel §7 (KERNEL:SCHEMA-004, KERNEL:SCHEMA-005, KERNEL:SCHEMA-001)."
KERNEL:SCHEMA-004,REF,Change Log.md,v9.7.2 — Cierre de Huecos L0: Referencia Cruzada SCHEMA-004/005 → §3.3 + Alta de Dedup_Flag en Class B (SCHEMA-001) · 2026-07-22,102,Contexto: Cierre de los dos huecos L0 identificados en la revisión post-v9.7.0: (1) KERNEL:SCHEMA-004/-005 documentaban el contrato de Entity Format y el flujo de resolución sin ninguna referencia hac
KERNEL:DOCUMENTATION-003,REF,Change Log.md,v9.7.2 — Cierre de Huecos L0: Referencia Cruzada SCHEMA-004/005 → §3.3 + Alta de Dedup_Flag en Class B (SCHEMA-001) · 2026-07-22,102,Contexto: Cierre de los dos huecos L0 identificados en la revisión post-v9.7.0: (1) KERNEL:SCHEMA-004/-005 documentaban el contrato de Entity Format y el flujo de resolución sin ninguna referencia hac
KERNEL:CV-GOLDEN-RULES,REF,Change Log.md,v9.7.2 — Cierre de Huecos L0: Referencia Cruzada SCHEMA-004/005 → §3.3 + Alta de Dedup_Flag en Class B (SCHEMA-001) · 2026-07-22,102,Contexto: Cierre de los dos huecos L0 identificados en la revisión post-v9.7.0: (1) KERNEL:SCHEMA-004/-005 documentaban el contrato de Entity Format y el flujo de resolución sin ninguna referencia hac
KERNEL:SCHEMA-001,REF,Change Log.md,v9.7.2 — Cierre de Huecos L0: Referencia Cruzada SCHEMA-004/005 → §3.3 + Alta de Dedup_Flag en Class B (SCHEMA-001) · 2026-07-22,102,Contexto: Cierre de los dos huecos L0 identificados en la revisión post-v9.7.0: (1) KERNEL:SCHEMA-004/-005 documentaban el contrato de Entity Format y el flujo de resolución sin ninguna referencia hac
SP:CONSISTENCY,REF,Change Log.md,v9.7.2 — Cierre de Huecos L0: Referencia Cruzada SCHEMA-004/005 → §3.3 + Alta de Dedup_Flag en Class B (SCHEMA-001) · 2026-07-22,102,Contexto: Cierre de los dos huecos L0 identificados en la revisión post-v9.7.0: (1) KERNEL:SCHEMA-004/-005 documentaban el contrato de Entity Format y el flujo de resolución sin ninguna referencia hac
KERNEL:SCHEMA-004,REF,Change Log.md,v9.7.2 — Cierre de Huecos L0: Referencia Cruzada SCHEMA-004/005 → §3.3 + Alta de Dedup_Flag en Class B (SCHEMA-001) · 2026-07-22,104,- KERNEL:SCHEMA-004 (§7): agregada línea de referencia cruzada hacia §3.3 (KERNEL:DOCUMENTATION-003 — L0 Runtime). Sin fusión ni reestructuración — decisión explícita del operador de mantener ambos ID
KERNEL:DOCUMENTATION-003,REF,Change Log.md,v9.7.2 — Cierre de Huecos L0: Referencia Cruzada SCHEMA-004/005 → §3.3 + Alta de Dedup_Flag en Class B (SCHEMA-001) · 2026-07-22,104,- KERNEL:SCHEMA-004 (§7): agregada línea de referencia cruzada hacia §3.3 (KERNEL:DOCUMENTATION-003 — L0 Runtime). Sin fusión ni reestructuración — decisión explícita del operador de mantener ambos ID
KERNEL:SCHEMA-005,REF,Change Log.md,v9.7.2 — Cierre de Huecos L0: Referencia Cruzada SCHEMA-004/005 → §3.3 + Alta de Dedup_Flag en Class B (SCHEMA-001) · 2026-07-22,105,"- KERNEL:SCHEMA-005 (§7): misma referencia cruzada agregada, aclarando que el Contrato de Resolución de 4 Pasos es la contraparte de datos del Runtime Build descrito en §3.3."
KERNEL:SCHEMA-001,REF,Change Log.md,v9.7.2 — Cierre de Huecos L0: Referencia Cruzada SCHEMA-004/005 → §3.3 + Alta de Dedup_Flag en Class B (SCHEMA-001) · 2026-07-22,106,"- KERNEL:SCHEMA-001 (§7): Dedup_Flag agregado a la enumeración Class B — System-Primary, alineando el schema con lo que KERNEL:CV-GOLDEN-RULES ya declaraba como campo protegido."
KERNEL:CV-GOLDEN-RULES,REF,Change Log.md,v9.7.2 — Cierre de Huecos L0: Referencia Cruzada SCHEMA-004/005 → §3.3 + Alta de Dedup_Flag en Class B (SCHEMA-001) · 2026-07-22,106,"- KERNEL:SCHEMA-001 (§7): Dedup_Flag agregado a la enumeración Class B — System-Primary, alineando el schema con lo que KERNEL:CV-GOLDEN-RULES ya declaraba como campo protegido."
KERNEL:SCHEMA-001,REF,Change Log.md,v9.7.2 — Cierre de Huecos L0: Referencia Cruzada SCHEMA-004/005 → §3.3 + Alta de Dedup_Flag en Class B (SCHEMA-001) · 2026-07-22,108,"IDs afectados: ninguna alta/baja de ID canónico — ambos parches son adiciones de contenido bajo IDs ya existentes (KERNEL:SCHEMA-001, -004, -005). Census no requiere regeneración (KERNEL:CENSUS-SYNC R"
KERNEL:CENSUS-SYNC,REF,Change Log.md,v9.7.2 — Cierre de Huecos L0: Referencia Cruzada SCHEMA-004/005 → §3.3 + Alta de Dedup_Flag en Class B (SCHEMA-001) · 2026-07-22,108,"IDs afectados: ninguna alta/baja de ID canónico — ambos parches son adiciones de contenido bajo IDs ya existentes (KERNEL:SCHEMA-001, -004, -005). Census no requiere regeneración (KERNEL:CENSUS-SYNC R"
KERNEL:TRACKER-SCHEMA-001,REF,Change Log.md,v9.7.1 — Fix DB ID/COL ID de Bug Tracker en skill vantage-create-bug-task (drift no propagado desde v9.7.0) · 2026-07-22,115,"Contexto: Al revisar los pendientes derivados de la refactorización del Kernel (v9.7.0), se detectó que la corrección de DB ID/COL ID de Bug Tracker aplicada en KERNEL:TRACKER-SCHEMA-001 no se había p"
KERNEL:TRACKER-SCHEMA-001,REF,Change Log.md,v9.7.1 — Fix DB ID/COL ID de Bug Tracker en skill vantage-create-bug-task (drift no propagado desde v9.7.0) · 2026-07-22,117,- vantage-create-bug-task/SKILL.md: corregido el par Bug Tracker de DB ID 36e938be-fc42-81f8-8c6f-000b6769ba03 / COL ID 36e938be-fc42-81bd-9e1f-dc360b3b45f5 (invertido) a DB ID 36e938be-fc42-81bd-9e1f
KERNEL:TRACKER-SCHEMA-001,REF,Change Log.md,v9.7.1 — Fix DB ID/COL ID de Bug Tracker en skill vantage-create-bug-task (drift no propagado desde v9.7.0) · 2026-07-22,120,"IDs afectados: ninguno en documentos fundacionales — corrección de referencia a un ID ya existente en el Kernel (KERNEL:TRACKER-SCHEMA-001), sin alta/baja de ID canónico. Census no requiere regeneraci"
KERNEL:SCHEMA-004,REF,Change Log.md,v9.7.1 — Fix DB ID/COL ID de Bug Tracker en skill vantage-create-bug-task (drift no propagado desde v9.7.0) · 2026-07-22,121,Pendiente (fuera de esta entrada): de la revisión de pendientes post-v9.7.0 quedan abiertos — fragmentación KERNEL:SCHEMA-004/-005 (sin referencia cruzada hacia §3.3) y ubicación canónica de Dedup_Fla
KERNEL:SCHEMA-001,REF,Change Log.md,v9.7.1 — Fix DB ID/COL ID de Bug Tracker en skill vantage-create-bug-task (drift no propagado desde v9.7.0) · 2026-07-22,121,Pendiente (fuera de esta entrada): de la revisión de pendientes post-v9.7.0 quedan abiertos — fragmentación KERNEL:SCHEMA-004/-005 (sin referencia cruzada hacia §3.3) y ubicación canónica de Dedup_Fla
KERNEL:CV-GOLDEN-RULES,REF,Change Log.md,v9.7.1 — Fix DB ID/COL ID de Bug Tracker en skill vantage-create-bug-task (drift no propagado desde v9.7.0) · 2026-07-22,121,Pendiente (fuera de esta entrada): de la revisión de pendientes post-v9.7.0 quedan abiertos — fragmentación KERNEL:SCHEMA-004/-005 (sin referencia cruzada hacia §3.3) y ubicación canónica de Dedup_Fla
KERNEL:TRIGGERS,REF,Change Log.md,"v9.7.0 — Refactor Estructural Completo del Kernel (Renumeración §1–§17, Limpieza de Residuos, Corrección DB/COL ID) · 2026-07-22",126,"Alcance: V | KERNEL completo — TOC, headers §1–§17, KERNEL:TRIGGERS (§11), KERNEL:DATA-FLOW (§16), KERNEL:TRACKER-SCHEMA-001 (§8)."
KERNEL:DATA-FLOW,REF,Change Log.md,"v9.7.0 — Refactor Estructural Completo del Kernel (Renumeración §1–§17, Limpieza de Residuos, Corrección DB/COL ID) · 2026-07-22",126,"Alcance: V | KERNEL completo — TOC, headers §1–§17, KERNEL:TRIGGERS (§11), KERNEL:DATA-FLOW (§16), KERNEL:TRACKER-SCHEMA-001 (§8)."
KERNEL:TRACKER-SCHEMA-001,REF,Change Log.md,"v9.7.0 — Refactor Estructural Completo del Kernel (Renumeración §1–§17, Limpieza de Residuos, Corrección DB/COL ID) · 2026-07-22",126,"Alcance: V | KERNEL completo — TOC, headers §1–§17, KERNEL:TRIGGERS (§11), KERNEL:DATA-FLOW (§16), KERNEL:TRACKER-SCHEMA-001 (§8)."
KERNEL:DOCUMENTATION,REF,Change Log.md,"v9.7.0 — Refactor Estructural Completo del Kernel (Renumeración §1–§17, Limpieza de Residuos, Corrección DB/COL ID) · 2026-07-22",130,"- Renumeración completa: TOC y headers unificados en secuencia §1–§17 (incluye KERNEL:DOCUMENTATION como §3 con sub-IDs §3.1–§3.10, y KERNEL:GATE-DECISION como §9 con sub-IDs §9.1–§9.8). Elimina la du"
KERNEL:GATE-DECISION,REF,Change Log.md,"v9.7.0 — Refactor Estructural Completo del Kernel (Renumeración §1–§17, Limpieza de Residuos, Corrección DB/COL ID) · 2026-07-22",130,"- Renumeración completa: TOC y headers unificados en secuencia §1–§17 (incluye KERNEL:DOCUMENTATION como §3 con sub-IDs §3.1–§3.10, y KERNEL:GATE-DECISION como §9 con sub-IDs §9.1–§9.8). Elimina la du"
KERNEL:TRACKER-SCHEMA-001,REF,Change Log.md,"v9.7.0 — Refactor Estructural Completo del Kernel (Renumeración §1–§17, Limpieza de Residuos, Corrección DB/COL ID) · 2026-07-22",136,- Corrección DB ID/COL ID en KERNEL:TRACKER-SCHEMA-001 (§8): Bug Tracker tenía DB ID y COL ID invertidos. Valor corregido — DB ID: 36e938be-fc42-81bd-9e1f-dc360b3b45f5 · COL ID: 36e938be-fc42-81f8-8c6
KERNEL:ID,REF,Change Log.md,"v9.7.0 — Refactor Estructural Completo del Kernel (Renumeración §1–§17, Limpieza de Residuos, Corrección DB/COL ID) · 2026-07-22",140,"IDs afectados: ninguna alta/baja de KERNEL:ID canónico — renumeración §N es posicional, no cambia namespace ni claves PREFIX:KEY. KERNEL:CENSUS-SYNC Regla 1 no se dispara. KERNEL:GATE-DECISION-006 (§9"
KERNEL:CENSUS-SYNC,REF,Change Log.md,"v9.7.0 — Refactor Estructural Completo del Kernel (Renumeración §1–§17, Limpieza de Residuos, Corrección DB/COL ID) · 2026-07-22",140,"IDs afectados: ninguna alta/baja de KERNEL:ID canónico — renumeración §N es posicional, no cambia namespace ni claves PREFIX:KEY. KERNEL:CENSUS-SYNC Regla 1 no se dispara. KERNEL:GATE-DECISION-006 (§9"
KERNEL:GATE-DECISION-006,REF,Change Log.md,"v9.7.0 — Refactor Estructural Completo del Kernel (Renumeración §1–§17, Limpieza de Residuos, Corrección DB/COL ID) · 2026-07-22",140,"IDs afectados: ninguna alta/baja de KERNEL:ID canónico — renumeración §N es posicional, no cambia namespace ni claves PREFIX:KEY. KERNEL:CENSUS-SYNC Regla 1 no se dispara. KERNEL:GATE-DECISION-006 (§9"
KERNEL:DASHBOARD-CHECKLIST-ARCH,REF,Change Log.md,"v9.7.0 — Refactor Estructural Completo del Kernel (Renumeración §1–§17, Limpieza de Residuos, Corrección DB/COL ID) · 2026-07-22",141,"Nota de honestidad estructural: el clúster I. FUNDAMENTO incluye KERNEL:DASHBOARD-CHECKLIST-ARCH (§6), que en la propuesta de clústeres original de esta sesión se había asignado a III. EJECUCIÓN. La v"
KERNEL:CENSUS-SYNC,REF,Change Log.md,v9.6.9 — Reconciliación de Conteo 8→9 (VANTAGE Central Hub) + Extracción de TOC vigente · 2026-07-20,147,"Alcance: KERNEL (KERNEL:CENSUS-SYNC §9, KERNEL:DOCUMENTATION-TRANSVERSAL-001 §13)."
KERNEL:DOCUMENTATION-TRANSVERSAL-001,REF,Change Log.md,v9.6.9 — Reconciliación de Conteo 8→9 (VANTAGE Central Hub) + Extracción de TOC vigente · 2026-07-20,147,"Alcance: KERNEL (KERNEL:CENSUS-SYNC §9, KERNEL:DOCUMENTATION-TRANSVERSAL-001 §13)."
KERNEL:CENSUS-SYNC,REF,Change Log.md,v9.6.9 — Reconciliación de Conteo 8→9 (VANTAGE Central Hub) + Extracción de TOC vigente · 2026-07-20,148,"Contexto: Auditoría del Kernel real detectó que la entrada v9.6.8 dejó KERNEL:CENSUS-SYNC a medio actualizar — ordinal ""séptimo"" sin corregir a ""noveno"" y lista de fuente de IDs con 7 nombres en vez d"
KERNEL:DOCUMENTATION-TRANSVERSAL-001,REF,Change Log.md,v9.6.9 — Reconciliación de Conteo 8→9 (VANTAGE Central Hub) + Extracción de TOC vigente · 2026-07-20,148,"Contexto: Auditoría del Kernel real detectó que la entrada v9.6.8 dejó KERNEL:CENSUS-SYNC a medio actualizar — ordinal ""séptimo"" sin corregir a ""noveno"" y lista de fuente de IDs con 7 nombres en vez d"
KERNEL:CENSUS-SYNC,REF,Change Log.md,v9.6.9 — Reconciliación de Conteo 8→9 (VANTAGE Central Hub) + Extracción de TOC vigente · 2026-07-20,150,"- KERNEL:CENSUS-SYNC (§9): ""séptimo... otros ocho... siete documentos"" → ""noveno... otros ocho... ocho documentos (agregando VANTAGE Central Hub)""."
KERNEL:DOCUMENTATION-TRANSVERSAL-001,REF,Change Log.md,v9.6.9 — Reconciliación de Conteo 8→9 (VANTAGE Central Hub) + Extracción de TOC vigente · 2026-07-20,151,"- KERNEL:DOCUMENTATION-TRANSVERSAL-001 (§13): nueva subsección ""VANTAGE Central Hub — Documento Fundacional de Entrada"", paralela en estructura a la de Navigation Brief."
KERNEL:ID,REF,Change Log.md,v9.6.9 — Reconciliación de Conteo 8→9 (VANTAGE Central Hub) + Extracción de TOC vigente · 2026-07-20,155,IDs afectados: ninguna alta/baja de KERNEL:ID canónico — corrección de conteo y nueva subsección narrativa bajo secciones ya existentes. KERNEL:CENSUS-SYNC Regla 1 no se dispara.
KERNEL:CENSUS-SYNC,REF,Change Log.md,v9.6.9 — Reconciliación de Conteo 8→9 (VANTAGE Central Hub) + Extracción de TOC vigente · 2026-07-20,155,IDs afectados: ninguna alta/baja de KERNEL:ID canónico — corrección de conteo y nueva subsección narrativa bajo secciones ya existentes. KERNEL:CENSUS-SYNC Regla 1 no se dispara.
KERNEL:OWNERSHIP-001,REF,Change Log.md,v9.6.9 — Reconciliación de Conteo 8→9 (VANTAGE Central Hub) + Extracción de TOC vigente · 2026-07-20,157,"- ALTO — Modificar generate_census.py: 131 IDs en spec, 121 resueltos, 10 sin link (KERNEL:OWNERSHIP-001/002, KERNEL:TRIGGER-001/002/005/006/007/009, KERNEL:GATE-DECISION-004, KERNEL:NAMING-CONVENTION"
KERNEL:TRIGGER-001,REF,Change Log.md,v9.6.9 — Reconciliación de Conteo 8→9 (VANTAGE Central Hub) + Extracción de TOC vigente · 2026-07-20,157,"- ALTO — Modificar generate_census.py: 131 IDs en spec, 121 resueltos, 10 sin link (KERNEL:OWNERSHIP-001/002, KERNEL:TRIGGER-001/002/005/006/007/009, KERNEL:GATE-DECISION-004, KERNEL:NAMING-CONVENTION"
KERNEL:GATE-DECISION-004,REF,Change Log.md,v9.6.9 — Reconciliación de Conteo 8→9 (VANTAGE Central Hub) + Extracción de TOC vigente · 2026-07-20,157,"- ALTO — Modificar generate_census.py: 131 IDs en spec, 121 resueltos, 10 sin link (KERNEL:OWNERSHIP-001/002, KERNEL:TRIGGER-001/002/005/006/007/009, KERNEL:GATE-DECISION-004, KERNEL:NAMING-CONVENTION"
KERNEL:NAMING-CONVENTION,REF,Change Log.md,v9.6.9 — Reconciliación de Conteo 8→9 (VANTAGE Central Hub) + Extracción de TOC vigente · 2026-07-20,157,"- ALTO — Modificar generate_census.py: 131 IDs en spec, 121 resueltos, 10 sin link (KERNEL:OWNERSHIP-001/002, KERNEL:TRIGGER-001/002/005/006/007/009, KERNEL:GATE-DECISION-004, KERNEL:NAMING-CONVENTION"
KERNEL:HEALTH-CHECK-001,REF,Change Log.md,v9.6.9 — Reconciliación de Conteo 8→9 (VANTAGE Central Hub) + Extracción de TOC vigente · 2026-07-20,157,"- ALTO — Modificar generate_census.py: 131 IDs en spec, 121 resueltos, 10 sin link (KERNEL:OWNERSHIP-001/002, KERNEL:TRIGGER-001/002/005/006/007/009, KERNEL:GATE-DECISION-004, KERNEL:NAMING-CONVENTION"
KERNEL:HEALTH-CHECK-003,REF,Change Log.md,v9.6.9 — Reconciliación de Conteo 8→9 (VANTAGE Central Hub) + Extracción de TOC vigente · 2026-07-20,157,"- ALTO — Modificar generate_census.py: 131 IDs en spec, 121 resueltos, 10 sin link (KERNEL:OWNERSHIP-001/002, KERNEL:TRIGGER-001/002/005/006/007/009, KERNEL:GATE-DECISION-004, KERNEL:NAMING-CONVENTION"
KERNEL:DOC-CONTRACT,REF,Change Log.md,v9.6.8 — Normalización de Conteo de Fundacionales: 7→9 (BRIEF + VANTAGE Central Hub) · 2026-07-20,165,"Alcance: KERNEL (KERNEL:DOC-CONTRACT §7, KERNEL:CENSUS-SYNC §9, KERNEL:VERSION-CHECK-TOOL §10 ×3, KERNEL:HEALTH-CHECK §11 ×2 nuevas subsecciones, KERNEL:DOCUMENTATION-TRANSVERSAL-001 §13); SYSTEM PROM"
KERNEL:CENSUS-SYNC,REF,Change Log.md,v9.6.8 — Normalización de Conteo de Fundacionales: 7→9 (BRIEF + VANTAGE Central Hub) · 2026-07-20,165,"Alcance: KERNEL (KERNEL:DOC-CONTRACT §7, KERNEL:CENSUS-SYNC §9, KERNEL:VERSION-CHECK-TOOL §10 ×3, KERNEL:HEALTH-CHECK §11 ×2 nuevas subsecciones, KERNEL:DOCUMENTATION-TRANSVERSAL-001 §13); SYSTEM PROM"
KERNEL:VERSION-CHECK-TOOL,REF,Change Log.md,v9.6.8 — Normalización de Conteo de Fundacionales: 7→9 (BRIEF + VANTAGE Central Hub) · 2026-07-20,165,"Alcance: KERNEL (KERNEL:DOC-CONTRACT §7, KERNEL:CENSUS-SYNC §9, KERNEL:VERSION-CHECK-TOOL §10 ×3, KERNEL:HEALTH-CHECK §11 ×2 nuevas subsecciones, KERNEL:DOCUMENTATION-TRANSVERSAL-001 §13); SYSTEM PROM"
KERNEL:HEALTH-CHECK,REF,Change Log.md,v9.6.8 — Normalización de Conteo de Fundacionales: 7→9 (BRIEF + VANTAGE Central Hub) · 2026-07-20,165,"Alcance: KERNEL (KERNEL:DOC-CONTRACT §7, KERNEL:CENSUS-SYNC §9, KERNEL:VERSION-CHECK-TOOL §10 ×3, KERNEL:HEALTH-CHECK §11 ×2 nuevas subsecciones, KERNEL:DOCUMENTATION-TRANSVERSAL-001 §13); SYSTEM PROM"
KERNEL:DOCUMENTATION-TRANSVERSAL-001,REF,Change Log.md,v9.6.8 — Normalización de Conteo de Fundacionales: 7→9 (BRIEF + VANTAGE Central Hub) · 2026-07-20,165,"Alcance: KERNEL (KERNEL:DOC-CONTRACT §7, KERNEL:CENSUS-SYNC §9, KERNEL:VERSION-CHECK-TOOL §10 ×3, KERNEL:HEALTH-CHECK §11 ×2 nuevas subsecciones, KERNEL:DOCUMENTATION-TRANSVERSAL-001 §13); SYSTEM PROM"
SP:BOOTSTRAP-001,REF,Change Log.md,v9.6.8 — Normalización de Conteo de Fundacionales: 7→9 (BRIEF + VANTAGE Central Hub) · 2026-07-20,165,"Alcance: KERNEL (KERNEL:DOC-CONTRACT §7, KERNEL:CENSUS-SYNC §9, KERNEL:VERSION-CHECK-TOOL §10 ×3, KERNEL:HEALTH-CHECK §11 ×2 nuevas subsecciones, KERNEL:DOCUMENTATION-TRANSVERSAL-001 §13); SYSTEM PROM"
SP:SYNC-RULE,REF,Change Log.md,v9.6.8 — Normalización de Conteo de Fundacionales: 7→9 (BRIEF + VANTAGE Central Hub) · 2026-07-20,165,"Alcance: KERNEL (KERNEL:DOC-CONTRACT §7, KERNEL:CENSUS-SYNC §9, KERNEL:VERSION-CHECK-TOOL §10 ×3, KERNEL:HEALTH-CHECK §11 ×2 nuevas subsecciones, KERNEL:DOCUMENTATION-TRANSVERSAL-001 §13); SYSTEM PROM"
SP:CEDULA-DIGITAL,REF,Change Log.md,v9.6.8 — Normalización de Conteo de Fundacionales: 7→9 (BRIEF + VANTAGE Central Hub) · 2026-07-20,165,"Alcance: KERNEL (KERNEL:DOC-CONTRACT §7, KERNEL:CENSUS-SYNC §9, KERNEL:VERSION-CHECK-TOOL §10 ×3, KERNEL:HEALTH-CHECK §11 ×2 nuevas subsecciones, KERNEL:DOCUMENTATION-TRANSVERSAL-001 §13); SYSTEM PROM"
SP:VERSION-CHECK-TOOL,REF,Change Log.md,v9.6.8 — Normalización de Conteo de Fundacionales: 7→9 (BRIEF + VANTAGE Central Hub) · 2026-07-20,165,"Alcance: KERNEL (KERNEL:DOC-CONTRACT §7, KERNEL:CENSUS-SYNC §9, KERNEL:VERSION-CHECK-TOOL §10 ×3, KERNEL:HEALTH-CHECK §11 ×2 nuevas subsecciones, KERNEL:DOCUMENTATION-TRANSVERSAL-001 §13); SYSTEM PROM"
KERNEL:DOC-CONTRACT,REF,Change Log.md,v9.6.8 — Normalización de Conteo de Fundacionales: 7→9 (BRIEF + VANTAGE Central Hub) · 2026-07-20,168,"- KERNEL:DOC-CONTRACT (§7): tabla ""Prefijos Autorizados"" — agregadas filas BRIEF y VANTAGE."
KERNEL:CENSUS-SYNC,REF,Change Log.md,v9.6.8 — Normalización de Conteo de Fundacionales: 7→9 (BRIEF + VANTAGE Central Hub) · 2026-07-20,169,"- KERNEL:CENSUS-SYNC (§9): ""séptimo... otros seis"" → ""séptimo... otros ocho""; lista de fuente de IDs ampliada con Navigation Brief."
KERNEL:VERSION-CHECK-TOOL,REF,Change Log.md,v9.6.8 — Normalización de Conteo de Fundacionales: 7→9 (BRIEF + VANTAGE Central Hub) · 2026-07-20,170,"- KERNEL:VERSION-CHECK-TOOL (§10): conteo 7→9 en Propósito, Output de Sync Mode (filas) y Flujo Canónico paso 3 (documentos restantes)."
KERNEL:HEALTH-CHECK,REF,Change Log.md,v9.6.8 — Normalización de Conteo de Fundacionales: 7→9 (BRIEF + VANTAGE Central Hub) · 2026-07-20,171,"- KERNEL:HEALTH-CHECK (§11): 2 subsecciones nuevas — KERNEL:HEALTH-CHECK-001.1 (Auto-Archive como Housekeeping, citando Changelog v9.5.9/v9.5.6/v9.5.4, mecanismo no re-verificado contra script en esta"
KERNEL:HEALTH-CHECK-001,REF,Change Log.md,v9.6.8 — Normalización de Conteo de Fundacionales: 7→9 (BRIEF + VANTAGE Central Hub) · 2026-07-20,171,"- KERNEL:HEALTH-CHECK (§11): 2 subsecciones nuevas — KERNEL:HEALTH-CHECK-001.1 (Auto-Archive como Housekeeping, citando Changelog v9.5.9/v9.5.6/v9.5.4, mecanismo no re-verificado contra script en esta"
KERNEL:HEALTH-CHECK-003,REF,Change Log.md,v9.6.8 — Normalización de Conteo de Fundacionales: 7→9 (BRIEF + VANTAGE Central Hub) · 2026-07-20,171,"- KERNEL:HEALTH-CHECK (§11): 2 subsecciones nuevas — KERNEL:HEALTH-CHECK-001.1 (Auto-Archive como Housekeeping, citando Changelog v9.5.9/v9.5.6/v9.5.4, mecanismo no re-verificado contra script en esta"
KERNEL:DOCUMENTATION-TRANSVERSAL-001,REF,Change Log.md,v9.6.8 — Normalización de Conteo de Fundacionales: 7→9 (BRIEF + VANTAGE Central Hub) · 2026-07-20,172,"- KERNEL:DOCUMENTATION-TRANSVERSAL-001 (§13): nueva subsección Navigation Brief — Documento de Descubrimiento y Enrutamiento, con ID corregido."
SP:BOOTSTRAP-001,REF,Change Log.md,v9.6.8 — Normalización de Conteo de Fundacionales: 7→9 (BRIEF + VANTAGE Central Hub) · 2026-07-20,173,"- SYSTEM PROMPT: 6 ediciones de conteo 7→9 en SP:BOOTSTRAP-001 (×2), SP:SYNC-RULE (lista + cierre), SP:CEDULA-DIGITAL (UUIDs de Brief y Vantage agregados) y SP:VERSION-CHECK-TOOL."
SP:SYNC-RULE,REF,Change Log.md,v9.6.8 — Normalización de Conteo de Fundacionales: 7→9 (BRIEF + VANTAGE Central Hub) · 2026-07-20,173,"- SYSTEM PROMPT: 6 ediciones de conteo 7→9 en SP:BOOTSTRAP-001 (×2), SP:SYNC-RULE (lista + cierre), SP:CEDULA-DIGITAL (UUIDs de Brief y Vantage agregados) y SP:VERSION-CHECK-TOOL."
SP:CEDULA-DIGITAL,REF,Change Log.md,v9.6.8 — Normalización de Conteo de Fundacionales: 7→9 (BRIEF + VANTAGE Central Hub) · 2026-07-20,173,"- SYSTEM PROMPT: 6 ediciones de conteo 7→9 en SP:BOOTSTRAP-001 (×2), SP:SYNC-RULE (lista + cierre), SP:CEDULA-DIGITAL (UUIDs de Brief y Vantage agregados) y SP:VERSION-CHECK-TOOL."
SP:VERSION-CHECK-TOOL,REF,Change Log.md,v9.6.8 — Normalización de Conteo de Fundacionales: 7→9 (BRIEF + VANTAGE Central Hub) · 2026-07-20,173,"- SYSTEM PROMPT: 6 ediciones de conteo 7→9 en SP:BOOTSTRAP-001 (×2), SP:SYNC-RULE (lista + cierre), SP:CEDULA-DIGITAL (UUIDs de Brief y Vantage agregados) y SP:VERSION-CHECK-TOOL."
KERNEL:HEALTH-CHECK-003,REF,Change Log.md,v9.6.8 — Normalización de Conteo de Fundacionales: 7→9 (BRIEF + VANTAGE Central Hub) · 2026-07-20,174,"Nota de honestidad estructural: un primer intento de escritura en KERNEL:HEALTH-CHECK-003 produjo una fila de tabla rota por un pipe (|) sin escapar en ""V|CHANGELOG"" — detectado en Write-Back Verifica"
KERNEL:ID,REF,Change Log.md,v9.6.8 — Normalización de Conteo de Fundacionales: 7→9 (BRIEF + VANTAGE Central Hub) · 2026-07-20,176,IDs afectados: ninguna alta/baja de KERNEL:ID canónico — son ediciones de conteo y contenido bajo secciones ya existentes; las 2 subsecciones nuevas de HEALTH-CHECK y la de Navigation Brief documentan
KERNEL:CENSUS-SYNC,REF,Change Log.md,v9.6.8 — Normalización de Conteo de Fundacionales: 7→9 (BRIEF + VANTAGE Central Hub) · 2026-07-20,176,IDs afectados: ninguna alta/baja de KERNEL:ID canónico — son ediciones de conteo y contenido bajo secciones ya existentes; las 2 subsecciones nuevas de HEALTH-CHECK y la de Navigation Brief documentan
KERNEL:SCHEMA-001,REF,Change Log.md,v9.6.8 — Normalización de Conteo de Fundacionales: 7→9 (BRIEF + VANTAGE Central Hub) · 2026-07-20,177,"Pendiente (fuera de esta entrada, tickets logueados en sesión): (1) Dedup_Flag citado en HEALTH-CHECK-001.1 no está en la enumeración Class B de KERNEL:SCHEMA-001 — pendiente conciliar contra esquema "
MANUAL:SESSION-CYCLE-001,REF,Change Log.md,v9.6.8 — Normalización de Conteo de Fundacionales: 7→9 (BRIEF + VANTAGE Central Hub) · 2026-07-20,177,"Pendiente (fuera de esta entrada, tickets logueados en sesión): (1) Dedup_Flag citado en HEALTH-CHECK-001.1 no está en la enumeración Class B de KERNEL:SCHEMA-001 — pendiente conciliar contra esquema "
SP:SYNC-RULE,REF,Change Log.md,v9.6.7 — Schema Consolidation: Bug Tracker ↔ Archivo Bug Tracker / Task Tracker ↔ Archivo Task Tracker · 2026-07-20,198,- Gobernanza: Inclusión en SP:SYNC-RULE y KERNEL:CENSUS-SYNC. El documento queda sujeto a la Regla de Versión Única (bloqueante ante discrepancias de versión).
KERNEL:CENSUS-SYNC,REF,Change Log.md,v9.6.7 — Schema Consolidation: Bug Tracker ↔ Archivo Bug Tracker / Task Tracker ↔ Archivo Task Tracker · 2026-07-20,198,- Gobernanza: Inclusión en SP:SYNC-RULE y KERNEL:CENSUS-SYNC. El documento queda sujeto a la Regla de Versión Única (bloqueante ante discrepancias de versión).
V:ID-CENSUS,REF,Change Log.md,v9.6.7 — Schema Consolidation: Bug Tracker ↔ Archivo Bug Tracker / Task Tracker ↔ Archivo Task Tracker · 2026-07-20,201,- Sustitución de S.S.O.T.: Eliminación del Bloque 3 (Census Embebido) por redundancia con V:ID-CENSUS.
SP:CEDULA-DIGITAL,REF,Change Log.md,v9.6.7 — Schema Consolidation: Bug Tracker ↔ Archivo Bug Tracker / Task Tracker ↔ Archivo Task Tracker · 2026-07-20,203,"- Bloque 1: Suite de 8 fundacionales, sincronizados contra SP:CEDULA-DIGITAL v9.6.5."
BRIEF:001,REF,Change Log.md,v9.6.7 — Schema Consolidation: Bug Tracker ↔ Archivo Bug Tracker / Task Tracker ↔ Archivo Task Tracker · 2026-07-20,207,- Expansión: Registro de 11 nuevos identificadores (BRIEF:001 al BRIEF:011) para las secciones del Navigation Brief.
BRIEF:011,REF,Change Log.md,v9.6.7 — Schema Consolidation: Bug Tracker ↔ Archivo Bug Tracker / Task Tracker ↔ Archivo Task Tracker · 2026-07-20,207,- Expansión: Registro de 11 nuevos identificadores (BRIEF:001 al BRIEF:011) para las secciones del Navigation Brief.
KERNEL:AUDIENCE-SCOPE,DEF,Kernel.md,KERNEL:AUDIENCE-SCOPE,3,## KERNEL:AUDIENCE-SCOPE
KERNEL:PURPOSE,REF,Kernel.md,TABLE OF CONTENTS,11,§1   KERNEL:PURPOSE
KERNEL:FAIL-PHILOSOPHY,REF,Kernel.md,TABLE OF CONTENTS,12,§2   KERNEL:FAIL-PHILOSOPHY
KERNEL:DOCUMENTATION,REF,Kernel.md,TABLE OF CONTENTS,13,§3   KERNEL:DOCUMENTATION (L0)
KERNEL:ARCHITECTURE,REF,Kernel.md,TABLE OF CONTENTS,25,"§4   KERNEL:ARCHITECTURE (L1, L2, L3, L4, Figma Sync)"
KERNEL:OWNERSHIP,REF,Kernel.md,TABLE OF CONTENTS,26,§5   KERNEL:OWNERSHIP
KERNEL:DASHBOARD-CHECKLIST-ARCH,REF,Kernel.md,TABLE OF CONTENTS,27,§6   KERNEL:DASHBOARD-CHECKLIST-ARCH
KERNEL:SCHEMA,REF,Kernel.md,TABLE OF CONTENTS,30,§7   KERNEL:SCHEMA
KERNEL:TRACKER-SCHEMA,REF,Kernel.md,TABLE OF CONTENTS,31,§8   KERNEL:TRACKER-SCHEMA
KERNEL:GATE-DECISION,REF,Kernel.md,TABLE OF CONTENTS,32,§9   KERNEL:GATE-DECISION
KERNEL:CV-GOLDEN-RULES,REF,Kernel.md,TABLE OF CONTENTS,42,§10   KERNEL:CV-GOLDEN-RULES
KERNEL:TRIGGERS,REF,Kernel.md,TABLE OF CONTENTS,45,§11  KERNEL:TRIGGERS
KERNEL:CV-PIPELINE,REF,Kernel.md,TABLE OF CONTENTS,46,§12  KERNEL:CV-PIPELINE
KERNEL:CANON-UPDATE,REF,Kernel.md,TABLE OF CONTENTS,47,§13  KERNEL:CANON-UPDATE
KERNEL:NAMING-CONVENTION,REF,Kernel.md,TABLE OF CONTENTS,48,§14  KERNEL:NAMING-CONVENTION
KERNEL:SCOPE,REF,Kernel.md,TABLE OF CONTENTS,51,§15  KERNEL:SCOPE / KERNEL:ROUTING
KERNEL:ROUTING,REF,Kernel.md,TABLE OF CONTENTS,51,§15  KERNEL:SCOPE / KERNEL:ROUTING
KERNEL:DATA-FLOW,REF,Kernel.md,TABLE OF CONTENTS,52,§16  KERNEL:DATA-FLOW
KERNEL:EVOLUTION,REF,Kernel.md,TABLE OF CONTENTS,53,§17  KERNEL:EVOLUTION
KERNEL:PURPOSE,DEF,Kernel.md,§1 — KERNEL:PURPOSE,56,## §1 — KERNEL:PURPOSE
KERNEL:FAIL-PHILOSOPHY,DEF,Kernel.md,§2 — KERNEL:FAIL-PHILOSOPHY,66,## §2 — KERNEL:FAIL-PHILOSOPHY
KERNEL:DOCUMENTATION,DEF,Kernel.md,§3 — KERNEL:DOCUMENTATION (L0),72,## §3 — KERNEL:DOCUMENTATION (L0)
KERNEL:DOCUMENTATION-001,DEF,Kernel.md,§3.1 — KERNEL:DOCUMENTATION-001,74,### §3.1 — KERNEL:DOCUMENTATION-001
KERNEL:DOCUMENTATION-002,DEF,Kernel.md,§3.2 — KERNEL:DOCUMENTATION-002,95,### §3.2 — KERNEL:DOCUMENTATION-002
KERNEL:DOCUMENTATION-003,DEF,Kernel.md,§3.3 — KERNEL:DOCUMENTATION-003,103,### §3.3 — KERNEL:DOCUMENTATION-003
KERNEL:DOCUMENTATION-004,DEF,Kernel.md,§3.4 — KERNEL:DOCUMENTATION-004,116,### §3.4 — KERNEL:DOCUMENTATION-004
SP:BOOTSTRAP-001,REF,Kernel.md,L0-Bootstrap — Dynamic Governance Layer,120,"Bootstrap Protocol: ante el primer mensaje del operador, el AI Component suspende el procesamiento de datos y ejecuta fetch de SP:BOOTSTRAP-001 y del ID CENSUS. El resultado sobreescribe cualquier ins"
KERNEL:DOCUMENTATION-005,DEF,Kernel.md,§3.5 — KERNEL:DOCUMENTATION-005,129,### §3.5 — KERNEL:DOCUMENTATION-005
KERNEL:DOCUMENTATION-006,DEF,Kernel.md,§3.6 — KERNEL:DOCUMENTATION-006,143,### §3.6 — KERNEL:DOCUMENTATION-006
KERNEL:DOCUMENTATION-007,DEF,Kernel.md,§3.7 — KERNEL:DOCUMENTATION-007,150,### §3.7 — KERNEL:DOCUMENTATION-007
KERNEL:DOCUMENTATION-008,DEF,Kernel.md,§3.8 — KERNEL:DOCUMENTATION-008,155,### §3.8 — KERNEL:DOCUMENTATION-008
KERNEL:DOCUMENTATION-009,DEF,Kernel.md,§3.9 — KERNEL:DOCUMENTATION-009,164,### §3.9 — KERNEL:DOCUMENTATION-009
KERNEL:DOCUMENTATION-010,DEF,Kernel.md,§3.10 — KERNEL:DOCUMENTATION-010,170,### §3.10 — KERNEL:DOCUMENTATION-010
KERNEL:ARCHITECTURE,DEF,Kernel.md,§4 — KERNEL:ARCHITECTURE,183,## §4 — KERNEL:ARCHITECTURE
KERNEL:ARCHITECTURE-L1,DEF,Kernel.md,KERNEL:ARCHITECTURE-L1 — Active Recon,185,### KERNEL:ARCHITECTURE-L1 — Active Recon
KERNEL:ARCHITECTURE-L2,DEF,Kernel.md,KERNEL:ARCHITECTURE-L2 — Strategic Search,191,### KERNEL:ARCHITECTURE-L2 — Strategic Search
KERNEL:ARCHITECTURE-L3,DEF,Kernel.md,KERNEL:ARCHITECTURE-L3 — Passive Intake,197,### KERNEL:ARCHITECTURE-L3 — Passive Intake
KERNEL:ARCHITECTURE-L4,DEF,Kernel.md,KERNEL:ARCHITECTURE-L4 — Version Control & Infrastructure,202,### KERNEL:ARCHITECTURE-L4 — Version Control & Infrastructure
KERNEL:OWNERSHIP,DEF,Kernel.md,§5 — KERNEL:OWNERSHIP,216,## §5 — KERNEL:OWNERSHIP
KERNEL:OWNERSHIP-001,DEF,Kernel.md,KERNEL:OWNERSHIP-001 — AI Component,218,### KERNEL:OWNERSHIP-001 — AI Component
KERNEL:OWNERSHIP-002,DEF,Kernel.md,KERNEL:OWNERSHIP-002 — Python Component,221,### KERNEL:OWNERSHIP-002 — Python Component
KERNEL:DASHBOARD-CHECKLIST-ARCH,DEF,Kernel.md,§6 — KERNEL:DASHBOARD-CHECKLIST-ARCH,226,## §6 — KERNEL:DASHBOARD-CHECKLIST-ARCH
KERNEL:SCHEMA,DEF,Kernel.md,§7 — KERNEL:SCHEMA,236,## §7 — KERNEL:SCHEMA
KERNEL:SCHEMA-001,DEF,Kernel.md,KERNEL:SCHEMA-001 — Class A vs Class B,239,### KERNEL:SCHEMA-001 — Class A vs Class B
KERNEL:SCHEMA-002,DEF,Kernel.md,KERNEL:SCHEMA-002 — Restricción del Sistema,244,### KERNEL:SCHEMA-002 — Restricción del Sistema
KERNEL:SCHEMA-003,DEF,Kernel.md,KERNEL:SCHEMA-003 — Fuente como Campo Especial,246,### KERNEL:SCHEMA-003 — Fuente como Campo Especial
KERNEL:SCHEMA-004,DEF,Kernel.md,KERNEL:SCHEMA-004 — Entity Format,248,### KERNEL:SCHEMA-004 — Entity Format
KERNEL:DOCUMENTATION-003,REF,Kernel.md,KERNEL:SCHEMA-004 — Entity Format,250,Ver §3.3 (KERNEL:DOCUMENTATION-003 — L0 Runtime) para el mecanismo de resolución que consume este contrato.
KERNEL:SCHEMA-005,DEF,Kernel.md,KERNEL:SCHEMA-005 — Contrato de Resolución: 4 Pasos,251,### KERNEL:SCHEMA-005 — Contrato de Resolución: 4 Pasos
KERNEL:DOCUMENTATION-003,REF,Kernel.md,KERNEL:SCHEMA-005 — Contrato de Resolución: 4 Pasos,253,Ver §3.3 (KERNEL:DOCUMENTATION-003 — L0 Runtime) — este contrato es la contraparte de datos del Runtime Build descrito ahí.
KERNEL:SCHEMA-006,DEF,Kernel.md,KERNEL:SCHEMA-006 — APROBAR_WRITE: Alcance,254,### KERNEL:SCHEMA-006 — APROBAR_WRITE: Alcance
KERNEL:SCHEMA-007,DEF,Kernel.md,KERNEL:SCHEMA-007 — Acceptance Audit,256,### KERNEL:SCHEMA-007 — Acceptance Audit
KERNEL:TRACKER-SCHEMA,DEF,Kernel.md,§8 — KERNEL:TRACKER-SCHEMA,261,## §8 — KERNEL:TRACKER-SCHEMA
KERNEL:TRACKER-SCHEMA-001,DEF,Kernel.md,KERNEL:TRACKER-SCHEMA-001 — Alcance,264,### KERNEL:TRACKER-SCHEMA-001 — Alcance
KERNEL:TRACKER-SCHEMA-002,DEF,Kernel.md,KERNEL:TRACKER-SCHEMA-002 — Niveles de Prioridad,272,### KERNEL:TRACKER-SCHEMA-002 — Niveles de Prioridad
KERNEL:GATE-DECISION,DEF,Kernel.md,§9 — KERNEL:GATE-DECISION,280,## §9 — KERNEL:GATE-DECISION
KERNEL:GATE-DECISION-001,DEF,Kernel.md,§9.1 — KERNEL:GATE-DECISION-001 — Bypass,282,### §9.1 — KERNEL:GATE-DECISION-001 — Bypass
KERNEL:GATE-DECISION-002,DEF,Kernel.md,§9.2 — KERNEL:GATE-DECISION-002 — Lógica Estándar,284,### §9.2 — KERNEL:GATE-DECISION-002 — Lógica Estándar
KERNEL:GATE-DECISION-003,DEF,Kernel.md,§9.3 — KERNEL:GATE-DECISION-003 — Resolución de REVIEW_NEEDED,286,### §9.3 — KERNEL:GATE-DECISION-003 — Resolución de REVIEW_NEEDED
KERNEL:GATE-DECISION-004,DEF,Kernel.md,§9.4 — KERNEL:GATE-DECISION-004 — Por Qué los Gates Son Deterministas,288,### §9.4 — KERNEL:GATE-DECISION-004 — Por Qué los Gates Son Deterministas
KERNEL:GATE-DECISION-005,DEF,Kernel.md,§9.5 — KERNEL:GATE-DECISION-005 — Flujo de Recuperación BLOCKED,290,### §9.5 — KERNEL:GATE-DECISION-005 — Flujo de Recuperación BLOCKED
KERNEL:GATE-DECISION-006,DEF,Kernel.md,§9.6 — KERNEL:GATE-DECISION-006 — REJECTED (Post-Aplicación),292,### §9.6 — KERNEL:GATE-DECISION-006 — REJECTED (Post-Aplicación)
KERNEL:GATE-DECISION-007,DEF,Kernel.md,§9.7 — KERNEL:GATE-DECISION-007 — Ejecución Automática de Archivado,295,### §9.7 — KERNEL:GATE-DECISION-007 — Ejecución Automática de Archivado
KERNEL:GATE-DECISION-008,DEF,Kernel.md,§9.8 — KERNEL:GATE-DECISION-008 — Capas de Evaluación de Gate: Técnica vs. Negocio,297,### §9.8 — KERNEL:GATE-DECISION-008 — Capas de Evaluación de Gate: Técnica vs. Negocio
KERNEL:GATE-DECISION-009,DEF,Kernel.md,§9.9 — KERNEL:GATE-DECISION-009 — Escalamiento de Pendientes a Tickets,300,### §9.9 — KERNEL:GATE-DECISION-009 — Escalamiento de Pendientes a Tickets
SP:CONSISTENCY,REF,Kernel.md,§9.9 — KERNEL:GATE-DECISION-009 — Escalamiento de Pendientes a Tickets,323,- Prohibido por SP:CONSISTENCY §5: Automatismos basados en inferencias no confirmadas.
SP:CONSISTENCY,REF,Kernel.md,§9.9 — KERNEL:GATE-DECISION-009 — Escalamiento de Pendientes a Tickets,330,| Choque con SP:CONSISTENCY §5 | Resuelto por diseño: Nivel 3 requiere fuente dura preexistente. Las inferencias on-the-fly de Claude no activan Nivel 3. |
KERNEL:CV-GOLDEN-RULES,DEF,Kernel.md,§10 — KERNEL:CV-GOLDEN-RULES,333,## §10 — KERNEL:CV-GOLDEN-RULES
KERNEL:TRIGGERS,DEF,Kernel.md,§11 — KERNEL:TRIGGERS,352,## §11 — KERNEL:TRIGGERS
KERNEL:TRIGGER-001,DEF,Kernel.md,KERNEL:TRIGGER-001 — FEED,357,### KERNEL:TRIGGER-001 — FEED
KERNEL:TRIGGER-002,DEF,Kernel.md,KERNEL:TRIGGER-002 — VL1,361,### KERNEL:TRIGGER-002 — VL1
KERNEL:TRIGGER-003,DEF,Kernel.md,KERNEL:TRIGGER-003 — QA,365,### KERNEL:TRIGGER-003 — QA
KERNEL:TRIGGER-004,DEF,Kernel.md,KERNEL:TRIGGER-004 — DRY RUN,369,### KERNEL:TRIGGER-004 — DRY RUN
KERNEL:TRIGGER-005,DEF,Kernel.md,KERNEL:TRIGGER-005 — SYNC,374,### KERNEL:TRIGGER-005 — SYNC
KERNEL:TRIGGER-006,DEF,Kernel.md,KERNEL:TRIGGER-006 — TOP 3 BY SCORE,383,### KERNEL:TRIGGER-006 — TOP 3 BY SCORE
KERNEL:TRIGGER-007,DEF,Kernel.md,KERNEL:TRIGGER-007 — NEXT ACTION,385,### KERNEL:TRIGGER-007 — NEXT ACTION
KERNEL:TRIGGER-008,DEF,Kernel.md,KERNEL:TRIGGER-008 — FEED (migración),387,### KERNEL:TRIGGER-008 — FEED (migración)
KERNEL:TRIGGER-009,DEF,Kernel.md,KERNEL:TRIGGER-009 — STATUS,389,### KERNEL:TRIGGER-009 — STATUS
KERNEL:CV-PIPELINE,DEF,Kernel.md,§12 — KERNEL:CV-PIPELINE,392,## §12 — KERNEL:CV-PIPELINE
KERNEL:CANON-UPDATE,DEF,Kernel.md,§13 — KERNEL:CANON-UPDATE,412,## §13 — KERNEL:CANON-UPDATE
KERNEL:NAMING-CONVENTION,DEF,Kernel.md,§14 — KERNEL:NAMING-CONVENTION,427,## §14 — KERNEL:NAMING-CONVENTION
CANON:OUTPUT-CONTRACT-001,REF,Kernel.md,§14 — KERNEL:NAMING-CONVENTION,435,Relación con CANON:OUTPUT-CONTRACT-001: contratos distintos y complementarios — Output Contract gobierna estructura interna del contenido; esta sección gobierna el nombre físico del archivo. Ninguno r
KERNEL:SCOPE,DEF,Kernel.md,§15 — KERNEL:SCOPE / KERNEL:ROUTING,439,## §15 — KERNEL:SCOPE / KERNEL:ROUTING
KERNEL:ROUTING,REF,Kernel.md,§15 — KERNEL:SCOPE / KERNEL:ROUTING,439,## §15 — KERNEL:SCOPE / KERNEL:ROUTING
KERNEL:SCOPE,REF,Kernel.md,KERNEL:SCOPE — Principio General,442,### KERNEL:SCOPE — Principio General
KERNEL:ROUTING,DEF,Kernel.md,KERNEL:ROUTING — Mecanismo Técnico de las Rutas MCP,444,### KERNEL:ROUTING — Mecanismo Técnico de las Rutas MCP
KERNEL:DATA-FLOW,DEF,Kernel.md,§16 — KERNEL:DATA-FLOW,448,## §16 — KERNEL:DATA-FLOW
KERNEL:EVOLUTION,DEF,Kernel.md,§17 — KERNEL:EVOLUTION,455,## §17 — KERNEL:EVOLUTION
KERNEL:FAIL-PHILOSOPHY,REF,Manual.md,V | MANUAL,5,> - Filosofía de Fallo: KERNEL:FAIL-PHILOSOPHY
KERNEL:SESSION-LEDGER,REF,Manual.md,V | MANUAL,6,> - Session Ledger: KERNEL:SESSION-LEDGER
MANUAL:OBJETIVO-001,DEF,Manual.md,1. OBJETIVO DE VANTAGE · ID: MANUAL:OBJETIVO-001,77,## 1. OBJETIVO DE VANTAGE · ID: MANUAL:OBJETIVO-001
MANUAL:FUNCIONAMIENTO-001,DEF,Manual.md,2. CÓMO FUNCIONA · ID: MANUAL:FUNCIONAMIENTO-001,103,## 2. CÓMO FUNCIONA · ID: MANUAL:FUNCIONAMIENTO-001
MANUAL:FALLO-001,DEF,Manual.md,3. FILOSOFÍA DE FALLO PARA OPERADORES · ID: MANUAL:FALLO-001,131,## 3. FILOSOFÍA DE FALLO PARA OPERADORES · ID: MANUAL:FALLO-001
KERNEL:FAIL-PHILOSOPHY,REF,Manual.md,3. FILOSOFÍA DE FALLO PARA OPERADORES · ID: MANUAL:FALLO-001,132,Base: *[KERNEL:FAIL-PHILOSOPHY](V | KERNEL).*
MANUAL:SETUP-001,DEF,Manual.md,4. SETUP · ID: MANUAL:SETUP-001,144,## 4. SETUP · ID: MANUAL:SETUP-001
SP:BOOTSTRAP-001,REF,Manual.md,Paso 3 — Configuración de Claude (Bootstrap),172,1. Confirma que el Agente responde con “VANTAGE: SISTEMA SINCRONIZADO” (sin número de versión fijo — ver SP:BOOTSTRAP-001) antes de enviar peticiones.
MANUAL:SESSION-CYCLE-001,DEF,Manual.md,6. CICLO DE SESIÓN — Open/Close · ID: MANUAL:SESSION-CYCLE-001,246,## 6. CICLO DE SESIÓN — Open/Close · ID: MANUAL:SESSION-CYCLE-001
KERNEL:CENSUS-SYNC,REF,Manual.md,Por qué existe esto,256,"Antes de que este ciclo existiera, cada sesión de Claude arrancaba “en frío”: el agente asumía que el corpus de Notion (Kernel, Manual, System Prompt, Career Canon, Aliases, Changelog) estaba en la ve"
KERNEL:SESSION-LEDGER,REF,Manual.md,Apertura — /vantage-session-open,281,1. Claude procesa ambos payloads y realiza una sola escritura: crea la fila nueva en el Session Ledger ([[KERNEL:SESSION-LEDGER](https://www.notion.so/377938befc42805ea408c9ae518d4fe7#39e938befc42816a
KERNEL:HEALTH-CHECK-001,REF,Manual.md,Apertura — /vantage-session-open,281,1. Claude procesa ambos payloads y realiza una sola escritura: crea la fila nueva en el Session Ledger ([[KERNEL:SESSION-LEDGER](https://www.notion.so/377938befc42805ea408c9ae518d4fe7#39e938befc42816a
KERNEL:DOCUMENTATION-TRANSVERSAL-001,REF,Manual.md,Qué hacer si algo no cuadra,296,"- Un cambio de código, schema o flujo operativo quedó sin reflejo en la documentación → esto no es parte del drift de versión que acabas de revisar arriba, es el caso que cubre KERNEL:DOCUMENTATION-TR"
KERNEL:GATE-DECISION-009,REF,Manual.md,Qué hacer si algo no cuadra,297,- Un pendiente detectado durante la sesión necesita convertirse en ticket (o no) → esto lo gobierna KERNEL:GATE-DECISION-009 (3 niveles de escalamiento). En resumen: esfuerzo bajo y sin bloqueo confir
MANUAL:VCHECKLIST-001,DEF,Manual.md,7. EL CHECKLIST Y LAS INTERFACES COMPARTIDAS · ID: MANUAL:VCHECKLIST-001,300,## 7. EL CHECKLIST Y LAS INTERFACES COMPARTIDAS · ID: MANUAL:VCHECKLIST-001
MANUAL:FLUJO-001,DEF,Manual.md,8. FLUJO SEMANAL DE OPERACIÓN · ID: MANUAL:FLUJO-001,318,## 8. FLUJO SEMANAL DE OPERACIÓN · ID: MANUAL:FLUJO-001
MANUAL:DASHBOARD-001,DEF,Manual.md,8.2 MARTES — Recuperación y Dashboard · ID: MANUAL:DASHBOARD-001,426,### 8.2 MARTES — Recuperación y Dashboard · ID: MANUAL:DASHBOARD-001
MANUAL:VANTAGE-RUNTIME-001,DEF,Manual.md,9. VANTAGE RUNTIME (Consulta Operativa) · ID: MANUAL:VANTAGE-RUNTIME-001,541,## 9. VANTAGE RUNTIME (Consulta Operativa) · ID: MANUAL:VANTAGE-RUNTIME-001
KERNEL:VERSION-CHECK-TOOL,REF,Manual.md,9.2 Comandos Principales — Mantenimiento del Tracker,562,"vversions — alias corto de verify_versions.py, el motor de verificación y sincronización de versión de los 7 documentos fundacionales (KERNEL:VERSION-CHECK-TOOL). No es un comando del Tracker de vacan"
MANUAL:GESTION-DATOS-001,DEF,Manual.md,10. GESTIÓN DE DATOS · ID: MANUAL:GESTION-DATOS-001,586,## 10. GESTIÓN DE DATOS · ID: MANUAL:GESTION-DATOS-001
MANUAL:HEALTHCHECK-001,DEF,Manual.md,11. HEALTH CHECK · ID: MANUAL:HEALTHCHECK-001,601,## 11. HEALTH CHECK · ID: MANUAL:HEALTHCHECK-001
KERNEL:SKILL-ANNOUNCE-CONVENTION,REF,Manual.md,Skills de Mantenimiento del Tracker (VANTAGE),660,Cada una declara su propio verbo de apertura/cierre (KERNEL:SKILL-ANNOUNCE-CONVENTION) — nunca el lenguaje de Bootstrap ni de Session Ledger.
MANUAL:TROUBLESHOOTING-001,DEF,Manual.md,12. TROUBLESHOOTING · ID: MANUAL:TROUBLESHOOTING-001,662,## 12. TROUBLESHOOTING · ID: MANUAL:TROUBLESHOOTING-001
KERNEL:FAIL-PHILOSOPHY,REF,Manual.md,Referencias a documentación adicional,720,- Filosofía de fallo: [KERNEL:FAIL-PHILOSOPHY](V | KERNEL) (ver también §3 de este Manual).
KERNEL:CV-GOLDEN-RULES,REF,Manual.md,Referencias a documentación adicional,721,- Reglas de Oro: KERNEL:CV-GOLDEN-RULES (ver también §18 de este Manual).
KERNEL:SCHEMA,REF,Manual.md,Referencias a documentación adicional,722,- Schema de datos: KERNEL:SCHEMA.
KERNEL:GATE-DECISION,REF,Manual.md,Referencias a documentación adicional,723,- Gate Decisions: KERNEL:GATE-DECISION (ver también §2 de este Manual).
MANUAL:PROMPTS-WRAPPERS-001,DEF,Manual.md,13. PROMPTS & WRAPPERS · ID: MANUAL:PROMPTS-WRAPPERS-001,725,## 13. PROMPTS & WRAPPERS · ID: MANUAL:PROMPTS-WRAPPERS-001
MANUAL:CHEATSHEETS-001,DEF,Manual.md,14. CHEAT SHEETS · ID: MANUAL:CHEATSHEETS-001,728,## 14. CHEAT SHEETS · ID: MANUAL:CHEATSHEETS-001
MANUAL:PATCH-QUALITY-001,DEF,Manual.md,15. CRITERIO DE CALIDAD PARA PARCHES DOCUMENTALES · ID: MANUAL:PATCH-QUALITY-001,734,## 15. CRITERIO DE CALIDAD PARA PARCHES DOCUMENTALES · ID: MANUAL:PATCH-QUALITY-001
MANUAL:REGLAS-DE-ORO-001,DEF,Manual.md,16. REGLAS DE ORO PARA OPERADORES · ID: MANUAL:REGLAS-DE-ORO-001,743,## 16. REGLAS DE ORO PARA OPERADORES · ID: MANUAL:REGLAS-DE-ORO-001
KERNEL:CV-GOLDEN-RULES,REF,Manual.md,16. REGLAS DE ORO PARA OPERADORES · ID: MANUAL:REGLAS-DE-ORO-001,744,Base: KERNEL:CV-GOLDEN-RULES.
MANUAL:SLA-001,DEF,Manual.md,17. SLA DE LATENCIA POST-INGESTA · ID: MANUAL:SLA-001,747,## 17. SLA DE LATENCIA POST-INGESTA · ID: MANUAL:SLA-001
MANUAL:CV-GOLDEN-RULES-INDEX,DEF,Manual.md,18. Reglas de Oro CV — Referencia Operativa ID: MANUAL:CV-GOLDEN-RULES-INDEX,749,## 18. Reglas de Oro CV — Referencia Operativa ID: MANUAL:CV-GOLDEN-RULES-INDEX
KERNEL:CV-GOLDEN-RULES,REF,Manual.md,18. Reglas de Oro CV — Referencia Operativa ID: MANUAL:CV-GOLDEN-RULES-INDEX,750,"Las Reglas de Oro (KERNEL:CV-GOLDEN-RULES) son restricciones de arquitectura, no preferencias. Viven íntegras en el Kernel — esta sección es un índice de navegación, no una copia."
KERNEL:CV-GOLDEN-RULES-001,REF,Manual.md,18. Reglas de Oro CV — Referencia Operativa ID: MANUAL:CV-GOLDEN-RULES-INDEX,753,"| KERNEL:CV-GOLDEN-RULES-001 | No Evaluar Fit Antes de Escribir | Preguntas de ""¿me conviene esta vacante?"" — el fit lo decide Score (Python) + el operador |"
KERNEL:CV-GOLDEN-RULES-002,REF,Manual.md,18. Reglas de Oro CV — Referencia Operativa ID: MANUAL:CV-GOLDEN-RULES-INDEX,754,"| KERNEL:CV-GOLDEN-RULES-002 | No Calcular ni Estimar Campos Class B | Estimar Score, Gate_Decision, VM_Scope, etc. — son Python-only |"
KERNEL:CV-GOLDEN-RULES-003,REF,Manual.md,18. Reglas de Oro CV — Referencia Operativa ID: MANUAL:CV-GOLDEN-RULES-INDEX,755,| KERNEL:CV-GOLDEN-RULES-003 | No Cuestionar la Calidad de Datos del Usuario | Comentarios sobre volumen/calidad del JSON de búsqueda — estrategia es 100% humana |
KERNEL:CV-GOLDEN-RULES-004,REF,Manual.md,18. Reglas de Oro CV — Referencia Operativa ID: MANUAL:CV-GOLDEN-RULES-INDEX,756,"| KERNEL:CV-GOLDEN-RULES-004 | No Delegar Escritura al Usuario | ""Copia esto y pégalo en Notion"" — el sistema escribe directo, salvo export PDF/Drive |"
KERNEL:CV-GOLDEN-RULES-005,REF,Manual.md,18. Reglas de Oro CV — Referencia Operativa ID: MANUAL:CV-GOLDEN-RULES-INDEX,757,"| KERNEL:CV-GOLDEN-RULES-005 | No Interpretar en SYNC | SYNC reporta datos puros, sin análisis ni recomendaciones |"
KERNEL:CV-GOLDEN-RULES,REF,Manual.md,18. Reglas de Oro CV — Referencia Operativa ID: MANUAL:CV-GOLDEN-RULES-INDEX,759,"Para el detalle completo de cada regla (ejemplos de solicitudes que la activan, redacción exacta de la respuesta estandarizada), consultar directamente KERNEL:CV-GOLDEN-RULES en el Kernel — fuente úni"
MANUAL:POSITIONING-CRITERIA,DEF,Manual.md,19. Positioning Modes (N1–N4) — Criterio de Selección ID: MANUAL:POSITIONING-CRITERIA,760,## 19. Positioning Modes (N1–N4) — Criterio de Selección ID: MANUAL:POSITIONING-CRITERIA
CANON:POSITIONING-001,REF,Manual.md,19. Positioning Modes (N1–N4) — Criterio de Selección ID: MANUAL:POSITIONING-CRITERIA,761,CANON:POSITIONING-001 define 4 modos de posicionamiento para CV-B. Esta sección resuelve el gap operativo: con qué criterio elegir uno.
CANON:POSITIONING-N1,REF,Manual.md,19. Positioning Modes (N1–N4) — Criterio de Selección ID: MANUAL:POSITIONING-CRITERIA,764,"| N1 | CANON:POSITIONING-N1 | C01 · 3 marcas lujo · CAPEX/OPEX · NPI | JD enfatiza gestión multi-marca de lujo, presupuesto, lanzamientos de producto |"
CANON:POSITIONING-N2,REF,Manual.md,19. Positioning Modes (N1–N4) — Criterio de Selección ID: MANUAL:POSITIONING-CRITERIA,765,"| N2 | CANON:POSITIONING-N2 | C02 · Adidas Brand Center · KPI07 · blueprints | JD enfatiza Store Design, Flagship, construcción/remodelación física |"
CANON:POSITIONING-N3,REF,Manual.md,19. Positioning Modes (N1–N4) — Criterio de Selección ID: MANUAL:POSITIONING-CRITERIA,766,"| N3 | CANON:POSITIONING-N3 | C03 · 270+ POS · 6 países · KPI03–06 · CF05 | JD enfatiza rollout regional multi-país, estandarización, eficiencia operativa |"
CANON:POSITIONING-N4,REF,Manual.md,19. Positioning Modes (N1–N4) — Criterio de Selección ID: MANUAL:POSITIONING-CRITERIA,767,"| N4 | CANON:POSITIONING-N4 | C04/C05 · +43% tráfico · +18% conversión · 21 reportes | JD enfatiza liderazgo de campo comercial, KPIs de tráfico/conversión, gestión de equipos directos |"
CANON:POSITIONING-001,REF,Manual.md,19. Positioning Modes (N1–N4) — Criterio de Selección ID: MANUAL:POSITIONING-CRITERIA,768,"Regla de desempate (JDs híbridos) — ver CANON:POSITIONING-001 para el texto completo: (1) más keywords mapeados al ancla, (2) empate → mayor seniority (N2>N1, N4>N3 con presupuesto regional explícito)"
MANUAL:GOLDEN-SKELETON-REF,DEF,Manual.md,20. Golden Skeleton — Qué es y Dónde Vive ID: MANUAL:GOLDEN-SKELETON-REF,769,## 20. Golden Skeleton — Qué es y Dónde Vive ID: MANUAL:GOLDEN-SKELETON-REF
CANON:OUTPUT-CONTRACT-SKELETON-001,REF,Manual.md,20. Golden Skeleton — Qué es y Dónde Vive ID: MANUAL:GOLDEN-SKELETON-REF,770,"El ""Golden Skeleton"" (CANON:OUTPUT-CONTRACT-SKELETON-001) es la secuencia fija de bloques ###### figma_text_id que todo CV-B debe replicar exactamente — mismo conteo, mismo orden, solo cambia el conte"
CANON:OUTPUT-CONTRACT-001,REF,Manual.md,20. Golden Skeleton — Qué es y Dónde Vive ID: MANUAL:GOLDEN-SKELETON-REF,774,"- Detalle completo del protocolo (immutability, slot integrity, null-fill rule) vive en CANON:OUTPUT-CONTRACT-001 — no se replica aquí."
MANUAL:SCHEMA-FIELD-REF,DEF,Manual.md,21. Schema Class A/B — Referencia de Campos ID: MANUAL:SCHEMA-FIELD-REF,775,## 21. Schema Class A/B — Referencia de Campos ID: MANUAL:SCHEMA-FIELD-REF
KERNEL:SCHEMA-001,REF,Manual.md,21. Schema Class A/B — Referencia de Campos ID: MANUAL:SCHEMA-FIELD-REF,776,"KERNEL:SCHEMA-001 define ownership exclusivo por campo. Esta tabla es índice de consulta rápida — el contrato completo (reglas de excepción, mapeo de vocabulario) vive en el Kernel."
KERNEL:SCHEMA-003,REF,Manual.md,21. Schema Class A/B — Referencia de Campos ID: MANUAL:SCHEMA-FIELD-REF,781,Excepción documentada: Fuente_Manual (Class A) existe para valores de fuente que deben persistir entre runs — Fuente (Class B) se sobreescribe en cada corrida (KERNEL:SCHEMA-003).
KERNEL:GATE-DECISION-002,REF,Manual.md,21. Schema Class A/B — Referencia de Campos ID: MANUAL:SCHEMA-FIELD-REF,782,"Pesos de Score/VM_Scope: viven en profile_config.yaml, propiedad de Python — el Manual no reproduce los valores numéricos porque son deuda de implementación, no contrato documental (ver KERNEL:GATE-DE"
SP:BOOTSTRAP-001,DEF,System Prompt.md,§1 — SP:BOOTSTRAP-001,3,## §1 — SP:BOOTSTRAP-001
SP:SYNC-RULE,REF,System Prompt.md,Conector único autorizado,8,"El único conector MCP autorizado para este proyecto es Notion. Toda recuperación de documentos fundacionales (los nueve documentos fundacionales referenciados en SP:SYNC-RULE, incluyendo ID CENSUS) de"
SP:SYNC,REF,System Prompt.md,Conector único autorizado,23,Nota: el Bootstrap universal (este flujo) solo recupera SYSTEM PROMPT + ID CENSUS para carga de contexto. La verificación de versión de los nueve documentos fundacionales (ver SP:SYNC) es un paso dist
SP:SYNC-RULE,DEF,System Prompt.md,§2 — SP:SYNC-RULE,25,## §2 — SP:SYNC-RULE
SP:CEDULA-DIGITAL,REF,System Prompt.md,Verificación de Versión (fundacionales) — Regla de Versión Única,44,"Referencia de versión vigente: la propiedad ""Versión"" del CHANGE LOG (conforme a SP:CEDULA-DIGITAL) es SIEMPRE la referencia oficial — nunca un valor fijo en este documento."
SP:CONSISTENCY,REF,System Prompt.md,Verificación de Versión (fundacionales) — Regla de Versión Única,47,"- Si existe CUALQUIER discrepancia respecto al CHANGE LOG (incluyendo una discrepancia exclusiva de ID CENSUS) → reportar de inmediato al operador, listando documento(s) y versión(es) detectada(s), y "
SP:SYNC-RULE,REF,System Prompt.md,Verificación de Versión (fundacionales) — Regla de Versión Única,48,Excepción — memoria de sesión de Claude: la regla de versión única anterior aplica exclusivamente a discrepancias entre los nueve documentos fundacionales entre sí (vía verify_versions.py / fetch en v
SP:CONSISTENCY,REF,System Prompt.md,Verificación de Versión (fundacionales) — Regla de Versión Única,48,Excepción — memoria de sesión de Claude: la regla de versión única anterior aplica exclusivamente a discrepancias entre los nueve documentos fundacionales entre sí (vía verify_versions.py / fetch en v
SP:CEDULA-DIGITAL,DEF,System Prompt.md,§3 — SP:CEDULA-DIGITAL,50,## §3 — SP:CEDULA-DIGITAL
KERNEL:SCOPE,DEF,System Prompt.md,§4 — KERNEL:SCOPE,96,## §4 — KERNEL:SCOPE
KERNEL:SCOPE,REF,System Prompt.md,§4 — KERNEL:SCOPE,97,Consultar KERNEL:SCOPE en el Technical Kernel.
KERNEL:DATA-FLOW,DEF,System Prompt.md,§5 — KERNEL:DATA-FLOW,99,## §5 — KERNEL:DATA-FLOW
KERNEL:DATA-FLOW,REF,System Prompt.md,§5 — KERNEL:DATA-FLOW,100,Consultar KERNEL:DATA-FLOW en el Technical Kernel.
SP:TRIGGERS,DEF,System Prompt.md,§6 — SP:TRIGGERS,102,## §6 — SP:TRIGGERS
KERNEL:CV-GOLDEN-RULES,DEF,System Prompt.md,§7 — KERNEL:CV-GOLDEN-RULES,114,## §7 — KERNEL:CV-GOLDEN-RULES
KERNEL:CV-GOLDEN-RULES,REF,System Prompt.md,§7 — KERNEL:CV-GOLDEN-RULES,115,Consultar KERNEL:CV-GOLDEN-RULES en el Technical Kernel.
SP:SCHEMA,DEF,System Prompt.md,§8 — SP:SCHEMA,117,## §8 — SP:SCHEMA
KERNEL:ROUTING,DEF,System Prompt.md,§9 — KERNEL:ROUTING,141,## §9 — KERNEL:ROUTING
KERNEL:ROUTING,REF,System Prompt.md,§9 — KERNEL:ROUTING,142,Consultar KERNEL:ROUTING en el Technical Kernel.
SP:ID-CONNECTORS,DEF,System Prompt.md,§10 — SP:ID-CONNECTORS,153,## §10 — SP:ID-CONNECTORS
SP:CONSISTENCY,DEF,System Prompt.md,§11 — SP:CONSISTENCY,159,## §11 — SP:CONSISTENCY
SP:VERSION-CHECK-TOOL,DEF,System Prompt.md,§12 — SP:VERSION-CHECK-TOOL,167,## §12 — SP:VERSION-CHECK-TOOL
SP:SYNC-RULE,REF,System Prompt.md,Herramienta de Verificación de Versión de Bajo Costo,169,"Para la verificación de versión requerida en SP:SYNC-RULE (los 9 documentos fundacionales), el operador puede correr verify_versions.py (Layer_1/scripts/, ver KERNEL:VERSION-CHECK-TOOL) en Terminal y "
KERNEL:VERSION-CHECK-TOOL,REF,System Prompt.md,Herramienta de Verificación de Versión de Bajo Costo,169,"Para la verificación de versión requerida en SP:SYNC-RULE (los 9 documentos fundacionales), el operador puede correr verify_versions.py (Layer_1/scripts/, ver KERNEL:VERSION-CHECK-TOOL) en Terminal y "
